ai_score,cohort,consistency_score,delta_vs_control,detector,elapsed_sec,fps,frame_logits,frames,fusion_logit,height,label,motion_score,pixel_score,reused,sampled_frame_indices,sha256,source,variant,video_id,width
0.00015120129346746572,previous,,-2.93074853181379e-06,waverep,6.641847958002472,29.916666666666668,"[-8.759982109069824, -8.8578519821167, -8.339027404785156, -8.690347671508789, -9.032691955566406, -9.560653686523438, -8.50351619720459, -8.753366470336914, -8.886810302734375, -8.673047065734863, -9.502523422241211, -8.379114151000977, -9.087141036987305, -9.118371963500977, -7.611753463745117, -8.991758346557617]",300,-8.796747326850891,360,real,,,False,"[90, 97, 105, 113, 121, 129, 137, 145, 152, 160, 168, 176, 184, 192, 200, 208]",ffa148e164ea0fd89ce3d6e3125dce4fe4a54f92f7ee5334e8759d2e24cca1b9,MSVD,original,real_01,480
0.0001541320419992795,previous,,0.0,waverep,6.175061332993209,29.916666666666668,"[-8.919198989868164, -8.728928565979004, -8.155731201171875, -8.16926383972168, -8.642084121704102, -9.197526931762695, -8.779315948486328, -8.532180786132812, -8.139708518981934, -8.98067855834961, -9.47984504699707, -9.066200256347656, -8.967097282409668, -9.339822769165039, -8.207326889038086, -9.135838508605957]",300,-8.777546763420105,360,real,,,False,"[90, 97, 105, 113, 121, 129, 137, 145, 152, 160, 168, 176, 184, 192, 200, 208]",4bd318b39a8d96dc0a59a90af263ea5a01e12dccf99fc1ef97e9cc42e8744cb8,MSVD,encode_control,real_01,480
0.00023442236422095691,previous,,8.02903222216774e-05,waverep,6.24654374999227,29.916666666666668,"[-7.300094127655029, -8.577398300170898, -8.353023529052734, -7.499324798583984, -8.463193893432617, -8.248859405517578, -9.1765718460083, -8.252639770507812, -8.51797866821289, -9.191333770751953, -9.334303855895996, -8.433004379272461, -8.55288314819336, -8.25306510925293, -8.281227111816406, -7.295524597167969]",300,-8.358151644468307,360,real,,,False,"[90, 97, 105, 113, 121, 129, 137, 145, 152, 160, 168, 176, 184, 192, 200, 208]",6998aa9123c7bb2c942e4abd27f2b8b622342ede205945b515f8f8413dda234a,MSVD,compression,real_01,480
0.014804900587513097,previous,,0.014650768545513816,waverep,6.0385071669879835,29.916666666666668,"[-5.247553825378418, -3.8079776763916016, -4.541944980621338, -3.137890100479126, -3.808847427368164, -3.0968165397644043, -4.9117608070373535, -4.344266891479492, -3.427212715148926, -4.557126998901367, -4.843746185302734, -5.72882604598999, -4.003281116485596, -3.4701709747314453, -3.737363815307617, -4.501317024230957]",300,-4.197881445288658,180,real,,,False,"[90, 97, 105, 113, 121, 129, 137, 145, 152, 160, 168, 176, 184, 192, 200, 208]",3e6c804edaff3a6846185ad6703c46b436e601852d81714b6efa8d03115db844,MSVD,resize,real_01,240
0.00038805543536860293,previous,,0.00023392339336932342,waverep,6.056216958008008,29.916666666666668,"[-7.6001763343811035, -7.6790876388549805, -7.530050277709961, -7.560005187988281, -8.123292922973633, -8.38791275024414, -8.197649955749512, -7.406429290771484, -8.02175521850586, -7.911447048187256, -8.915069580078125, -7.727052688598633, -7.843082427978516, -8.342748641967773, -7.11086368560791, -7.306963920593262]",300,-7.853974223136902,288,real,,,False,"[90, 97, 105, 113, 121, 129, 137, 145, 152, 160, 168, 176, 184, 192, 200, 208]",adb07722d9e210c429901b9264e6bd016b4c290de7a57010ca29d034eb730eb0,MSVD,crop,real_01,384
0.00015322041659938853,previous,,-9.116253998909781e-07,waverep,6.044116708013462,29.916666666666668,"[-8.532807350158691, -8.877877235412598, -8.413204193115234, -8.889442443847656, -8.65173625946045, -9.082843780517578, -8.432228088378906, -8.34453296661377, -8.42279052734375, -8.976290702819824, -9.160538673400879, -9.063605308532715, -9.23532485961914, -9.264484405517578, -8.172327995300293, -9.015642166137695]",300,-8.783479809761047,360,real,,,False,"[90, 97, 105, 113, 121, 129, 137, 145, 152, 160, 168, 176, 184, 192, 200, 208]",3b8cb0796cc1881bb4a5deb529dcb8c69a8a677ddc1d84d02735d2fd74d62fe4,MSVD,crf_23,real_01,480
0.00014991664028976415,previous,,-4.215401709515356e-06,waverep,6.531058166990988,29.916666666666668,"[-8.924317359924316, -8.576086044311523, -8.777969360351562, -8.963318824768066, -9.139284133911133, -8.92529010772705, -9.10940933227539, -8.560845375061035, -8.078301429748535, -8.516672134399414, -9.15573787689209, -8.655274391174316, -8.749454498291016, -8.94769287109375, -8.725180625915527, -9.079665184020996]",300,-8.805281221866608,360,real,,,False,"[90, 97, 105, 113, 121, 129, 137, 145, 152, 160, 168, 176, 184, 192, 200, 208]",e63c84858c523a09141da07feb1ab9340f52639f54c53c16ae02f25b7a7900ee,MSVD,crf_28,real_01,480
0.0001853662916486774,previous,,3.123424964939788e-05,waverep,6.038525915995706,29.916666666666668,"[-9.186715126037598, -8.102762222290039, -8.629822731018066, -8.168399810791016, -8.607085227966309, -8.913803100585938, -8.240133285522461, -8.504030227661133, -8.188854217529297, -8.817222595214844, -9.16556167602539, -8.416398048400879, -8.771286010742188, -8.256436347961426, -8.45231819152832, -9.067032814025879]",300,-8.592991352081299,360,real,,,False,"[90, 97, 105, 113, 121, 129, 137, 145, 152, 160, 168, 176, 184, 192, 200, 208]",c76b3ef723450f69ad96f369b770a415100a892a9c0ed4860d4905336c80f12f,MSVD,crf_32,real_01,480
0.0007195960831544548,previous,,0.00011719699549121439,waverep,6.182680458005052,15.0,"[-4.198299884796143, -6.458869934082031, -7.105597972869873, -7.085260391235352, -6.029637336730957, -7.575613498687744, -7.709644317626953, -7.664362907409668, -7.7651753425598145, -7.2768073081970215, -7.775331974029541, -7.925712585449219, -7.799733638763428, -7.625429630279541, -7.92079496383667, -7.8613386154174805]",46,-7.236100643873215,240,real,,,False,"[0, 3, 6, 9, 12, 15, 18, 21, 24, 27, 30, 33, 36, 39, 42, 45]",62bd921e11ee2911c2307f179ec2269d97d6258298b9e9a6e1da9f18b603fe30,MSVD,original,real_02,320
0.0006023990876632404,previous,,0.0,waverep,6.039216208999278,15.0,"[-4.139670372009277, -6.573884963989258, -7.003665924072266, -7.754785537719727, -6.081392288208008, -7.726906776428223, -8.115296363830566, -7.980522155761719, -8.040227890014648, -7.564174175262451, -7.9383769035339355, -8.041601181030273, -7.8242034912109375, -7.797518730163574, -7.975197792053223, -8.066380500793457]",46,-7.413987815380096,240,real,,,False,"[0, 3, 6, 9, 12, 15, 18, 21, 24, 27, 30, 33, 36, 39, 42, 45]",26dfb7a30b347edcc6e64015492d4cefb5036e225342e9242c9272320845a13d,MSVD,encode_control,real_02,320
0.0007317088620030315,previous,,0.00012930977433979116,waverep,6.027464833023259,15.0,"[-3.0736632347106934, -5.071623802185059, -6.796789169311523, -7.609127044677734, -7.239146709442139, -7.734037399291992, -8.416152954101562, -7.610005855560303, -7.692899703979492, -7.910892963409424, -7.778934955596924, -8.021078109741211, -7.544076442718506, -7.787071228027344, -7.686083793640137, -7.538750648498535]",46,-7.219395875930786,240,real,,,False,"[0, 3, 6, 9, 12, 15, 18, 21, 24, 27, 30, 33, 36, 39, 42, 45]",02cec6a21485863dc80c56ee6a0ac1aa183c977f1b84ac44a6fe18ec28a62db8,MSVD,compression,real_02,320
0.026304756318364174,previous,,0.025702357230700933,waverep,6.066987541998969,15.0,"[-1.287765383720398, -2.9780311584472656, -2.7570574283599854, -2.2373156547546387, -2.9613258838653564, -4.519387722015381, -4.032544136047363, -4.835490703582764, -4.409196853637695, -4.11756706237793, -3.883516311645508, -4.233718395233154, -4.024552345275879, -3.583576202392578, -4.008974075317383, -3.911558151245117]",46,-3.6113485917448997,120,real,,,False,"[0, 3, 6, 9, 12, 15, 18, 21, 24, 27, 30, 33, 36, 39, 42, 45]",65b0192809a20ac33704cae496da6cefdb099dc15130a6b1eaa5cbd8d63b582f,MSVD,resize,real_02,160
0.002150029790555132,previous,,0.0015476307028918918,waverep,6.0294029579963535,15.0,"[-2.592074394226074, -5.609625816345215, -6.16971492767334, -5.436776638031006, -3.767603635787964, -6.273816108703613, -6.587757110595703, -6.956968307495117, -6.852089881896973, -6.308780193328857, -6.727519512176514, -6.766705513000488, -7.026762962341309, -6.685922145843506, -7.160962104797363, -7.3188605308532715]",46,-6.14012123644352,192,real,,,False,"[0, 3, 6, 9, 12, 15, 18, 21, 24, 27, 30, 33, 36, 39, 42, 45]",98f1194c5341765dc5130164a2955cc6f91aacf9c990c2566e533efd98d42e01,MSVD,crop,real_02,256
0.00029211675464896423,previous,,6.816659840373928e-05,waverep,6.176592458010418,29.916666666666668,"[-6.240565299987793, -8.948091506958008, -8.846203804016113, -9.049230575561523, -9.297529220581055, -9.295875549316406, -8.766746520996094, -9.25088882446289, -6.670641899108887, -7.212258815765381, -8.183788299560547, -8.636329650878906, -8.474181175231934, -8.499299049377441, -8.0953950881958, -4.742012023925781]",120,-8.138064831495285,480,real,,,False,"[0, 7, 15, 23, 31, 39, 47, 55, 62, 70, 78, 86, 94, 102, 110, 118]",d5e4ff595400a1645a25678ea9a4949bf5a0c3c1b06b8bdc707ef8b5d9d44ef2,MSVD,original,real_03,854
0.00022395015624522495,previous,,0.0,waverep,6.2125992919900455,29.916666666666668,"[-5.3059234619140625, -8.610676765441895, -8.843587875366211, -9.125213623046875, -9.20727252960205, -9.008655548095703, -8.738840103149414, -9.314611434936523, -7.442668914794922, -8.044949531555176, -8.410207748413086, -8.454354286193848, -8.918981552124023, -8.713627815246582, -8.223475456237793, -8.098762512207031]",120,-8.403863072395325,480,real,,,False,"[0, 7, 15, 23, 31, 39, 47, 55, 62, 70, 78, 86, 94, 102, 110, 118]",16f12081ee75f0ad1d2b396afbcfb06680c7055847a4f71d670cc876faf775ff,MSVD,encode_control,real_03,854
0.000364775408287329,previous,,0.00014082525204210403,waverep,6.933523708023131,29.916666666666668,"[-5.0921831130981445, -7.5462541580200195, -8.110103607177734, -7.916458606719971, -8.723611831665039, -8.6628999710083, -7.348780155181885, -9.006707191467285, -9.037178993225098, -8.684859275817871, -8.921924591064453, -7.981227397918701, -7.932954788208008, -7.477701187133789, -7.071831226348877, -7.139145851135254]",120,-7.915863871574402,480,real,,,False,"[0, 7, 15, 23, 31, 39, 47, 55, 62, 70, 78, 86, 94, 102, 110, 118]",49ab08dcad775698315882d5aacfdad110e46094b4f3929b763edbddf3697bc8,MSVD,compression,real_03,854
0.004139751731720937,previous,,0.003915801575475712,waverep,6.127958375000162,29.916666666666668,"[-6.048437595367432, -6.716534614562988, -5.056761741638184, -6.169964790344238, -6.975193500518799, -6.025708198547363, -5.3004150390625, -5.267627239227295, -4.565065860748291, -5.993886947631836, -5.385470390319824, -3.74912428855896, -4.727347373962402, -5.407926559448242, -4.559466361999512, -5.778607368469238]",120,-5.482971116900444,240,real,,,False,"[0, 7, 15, 23, 31, 39, 47, 55, 62, 70, 78, 86, 94, 102, 110, 118]",9c0674946fe38289eab771b4687d36936b039321c0d65c03eb975eca906e650e,MSVD,resize,real_03,426
0.0003740642447260479,previous,,0.00015011408848082292,waverep,6.120254791982006,29.916666666666668,"[-6.634008884429932, -8.326587677001953, -8.947341918945312, -6.984867572784424, -8.299925804138184, -8.670766830444336, -8.041738510131836, -8.471253395080566, -7.608328342437744, -7.794816017150879, -7.639133930206299, -8.14663314819336, -7.952234268188477, -7.536150932312012, -7.614171981811523, -7.583382606506348]",120,-7.890708863735199,384,real,,,False,"[0, 7, 15, 23, 31, 39, 47, 55, 62, 70, 78, 86, 94, 102, 110, 118]",da9400e3113a522a4bf9e689f562aea2f719fe0f1bf58d7b4efbc269e259c4cf,MSVD,crop,real_03,682
0.02966960995872043,previous,,0.011370513315462693,waverep,5.953563332994236,59.94005994005994,"[-8.056013107299805, -7.069748878479004, -6.675776958465576, -5.0932841300964355, -7.042820930480957, -4.566307544708252, -6.847453594207764, -6.976035118103027, -1.911865472793579, -4.514102458953857, -2.5206527709960938, 2.4867336750030518, 1.9595091342926025, 3.622851610183716, -1.2206523418426514, -1.3745944499969482]",300,-3.4875133335590363,360,real,,,False,"[30, 45, 61, 77, 93, 109, 125, 141, 156, 172, 188, 204, 220, 236, 252, 268]",faf9f4ea736c42169900a022287dd4f24aaf0947a0b49661915b58fb8d21b179,MSVD,original,real_04,640
0.018299096643257736,previous,,0.0,waverep,6.069636833010009,59.94005994005994,"[-7.705066680908203, -7.655919551849365, -8.152666091918945, -5.784520149230957, -6.919541358947754, -4.80519962310791, -6.68391752243042, -6.104427337646484, -3.5355420112609863, -5.131474494934082, -2.660856008529663, 1.9934109449386597, 1.6183269023895264, 2.6608848571777344, -1.705365538597107, -3.1470861434936523]",300,-3.9824349880218506,360,real,,,False,"[30, 45, 61, 77, 93, 109, 125, 141, 156, 172, 188, 204, 220, 236, 252, 268]",e951b97e00f3ea25179ea1a422a580871acde0feb4ba2639f1f1eea0b371f120,MSVD,encode_control,real_04,640
0.00142957236309317,previous,,-0.016869524280164565,waverep,5.982702958979644,59.94005994005994,"[-8.685256958007812, -8.158058166503906, -8.017378807067871, -8.610129356384277, -6.828325271606445, -4.680013179779053, -5.875748634338379, -6.472233295440674, -5.918150424957275, -4.024986267089844, -5.52867317199707, -5.095293998718262, -6.490266799926758, -6.225765228271484, -6.88330078125, -7.289608955383301]",300,-6.548949331045151,360,real,,,False,"[30, 45, 61, 77, 93, 109, 125, 141, 156, 172, 188, 204, 220, 236, 252, 268]",4cc89214b749e3be99df88799c429b77adb7bb8122fc6c043c228ea63399b0df,MSVD,compression,real_04,640
0.009178440764613905,previous,,-0.009120655878643831,waverep,6.033025083976099,59.94005994005994,"[-6.126720905303955, -4.909941673278809, -6.170042037963867, -5.997883319854736, -5.061956405639648, -3.1976265907287598, -3.8237204551696777, -3.98881196975708, -3.672154188156128, -4.055550575256348, -5.883126258850098, -3.872981548309326, -4.0781755447387695, -3.87615966796875, -4.839825630187988, -5.352157115936279]",300,-4.681677117943764,180,real,,,False,"[30, 45, 61, 77, 93, 109, 125, 141, 156, 172, 188, 204, 220, 236, 252, 268]",1040dde03c95f3c12c14e947d4225edc36a733da493cf046540449ef82cfb547,MSVD,resize,real_04,320
0.025179563878199744,previous,,0.006880467234942008,waverep,6.032066957995994,59.94005994005994,"[-6.53929328918457, -6.078950881958008, -7.80936861038208, -6.2158637046813965, -6.628008842468262, -6.192294120788574, -7.409791946411133, -7.4865851402282715, -6.001569747924805, -3.3713815212249756, -2.752690315246582, 3.037102699279785, 2.906182050704956, 3.306736469268799, -0.4352506399154663, -0.8285017013549805]",300,-3.6562205776572227,288,real,,,False,"[30, 45, 61, 77, 93, 109, 125, 141, 156, 172, 188, 204, 220, 236, 252, 268]",907954f228b6ae2deb20b8d921cd159a1c0bcf45f2244095e1ffeadc790261e4,MSVD,crop,real_04,512
0.0021567627096935765,previous,,0.00028447793539365944,waverep,6.137470750021748,59.94005994005994,"[-6.064375877380371, -7.004245758056641, -6.1076555252075195, -6.208446025848389, -7.139915943145752, -6.866466999053955, -6.378894329071045, -7.032790660858154, -6.412337779998779, -5.088411808013916, -5.109716892242432, -5.163841247558594, -6.210502624511719, -4.595451354980469, -6.664970397949219, -6.143782138824463]",360,-6.1369878351688385,226,real,,,False,"[60, 75, 91, 107, 123, 139, 155, 171, 186, 202, 218, 234, 250, 266, 282, 298]",0c7fa85c5e697154b2bcfd0e2f5294e229d120d2b3228fb1449316d54df3555b,MSVD,original,real_05,400
0.001872284774299917,previous,,0.0,waverep,6.025978624995332,59.94005994005994,"[-5.387696266174316, -6.958223342895508, -6.977086067199707, -7.293811798095703, -7.790774822235107, -6.99788761138916, -6.2697978019714355, -7.178910255432129, -6.313721656799316, -5.011656761169434, -5.856232166290283, -5.174648761749268, -5.46013069152832, -5.222007751464844, -6.704422473907471, -5.862539768218994]",360,-6.278721749782562,226,real,,,False,"[60, 75, 91, 107, 123, 139, 155, 171, 186, 202, 218, 234, 250, 266, 282, 298]",7888815ed7c128ebcd629e091641ef65a516c1b587eca78cc2662b701672dad2,MSVD,encode_control,real_05,400
0.0011152372187065787,previous,,-0.0007570475555933383,waverep,6.0253615000110585,59.94005994005994,"[-7.439523696899414, -7.748044967651367, -8.105284690856934, -5.838390350341797, -6.620412349700928, -7.526980400085449, -6.90232515335083, -7.327170372009277, -7.119444847106934, -5.954170227050781, -6.367295265197754, -6.137661933898926, -4.958447456359863, -6.009472846984863, -7.477848052978516, -7.228683948516846]",360,-6.797572284936905,226,real,,,False,"[60, 75, 91, 107, 123, 139, 155, 171, 186, 202, 218, 234, 250, 266, 282, 298]",f5633f5b1d30132b6656c67252a41537cd81761a90785e8c34af786ba20a1bfa,MSVD,compression,real_05,400
0.026482052947777078,previous,,0.02460976817347716,waverep,6.370209749991773,59.94005994005994,"[-3.7406105995178223, -3.261017322540283, -2.8758957386016846, -4.450105667114258, -2.993208408355713, -4.354579448699951, -3.6506214141845703, -2.5197248458862305, -4.094411849975586, -4.608004570007324, -4.58699893951416, -2.4191296100616455, -3.2994613647460938, -3.6377062797546387, -4.383845806121826, -2.7958621978759766]",360,-3.6044490039348602,112,real,,,False,"[60, 75, 91, 107, 123, 139, 155, 171, 186, 202, 218, 234, 250, 266, 282, 298]",5ed8c8d96dc75171691e121987cb1e4ac9578f1c4dbff7ba9e624cda7d569754,MSVD,resize,real_05,200
0.0021120473486328866,previous,,0.00023976257433296956,waverep,6.012183374987217,59.94005994005994,"[-6.1207733154296875, -7.2260847091674805, -6.547393798828125, -6.920204162597656, -6.615230083465576, -7.2469162940979, -6.088642120361328, -6.4549970626831055, -6.518759250640869, -5.472467422485352, -5.34245491027832, -5.136610507965088, -4.920829772949219, -5.709874629974365, -6.479918479919434, -5.726574897766113]",360,-6.157983213663101,180,real,,,False,"[60, 75, 91, 107, 123, 139, 155, 171, 186, 202, 218, 234, 250, 266, 282, 298]",4571e903ec9151f384a460e7a1923b5776247a1e7e0e3d2e6aec774a572a33f1,MSVD,crop,real_05,320
0.0037181223484841477,previous,,-0.0002480294259373716,waverep,5.762294707994442,30.0,"[-4.9464287757873535, -4.329206466674805, -6.019214630126953, -5.835792541503906, -5.393411636352539, -5.475722312927246, -5.6728339195251465, -5.791876316070557, -6.4505157470703125, -4.77975606918335, -6.418886184692383, -5.398977279663086, -5.844852447509766, -5.7428975105285645, -5.806116580963135, -5.546494483947754]",181,-5.5908114314079285,300,real,,,False,"[30, 37, 45, 53, 61, 69, 77, 85, 93, 101, 109, 117, 125, 133, 141, 149]",a83a39d948f44905510be3253ea1985900cdf5cbb5a3ef583a254d4333bcfb90,MSVD,original,real_06,400
0.003966151774421519,previous,,0.0,waverep,5.679040832997998,30.0,"[-5.694975852966309, -5.702115058898926, -4.742129325866699, -5.168914794921875, -6.386100769042969, -5.766777992248535, -5.348956108093262, -6.621674060821533, -6.920954704284668, -5.041874885559082, -6.209930419921875, -4.092929840087891, -4.415374755859375, -5.3730034828186035, -5.807818412780762, -5.122228622436523]",181,-5.525984942913055,300,real,,,False,"[30, 37, 45, 53, 61, 69, 77, 85, 93, 101, 109, 117, 125, 133, 141, 149]",5ffe0e48e42a92681913d1eea4bd1bc6de5b5eddfa22cbc7e2a48a197b9e175b,MSVD,encode_control,real_06,400
0.0011835492190102972,previous,,-0.002782602555411222,waverep,5.780473542021355,30.0,"[-7.175987243652344, -7.234789848327637, -7.37797737121582, -7.217329025268555, -7.649665355682373, -7.129377841949463, -5.460823059082031, -6.2537841796875, -7.184009075164795, -7.115426540374756, -6.602634906768799, -6.005984306335449, -6.278546333312988, -6.353836536407471, -6.6518731117248535, -6.11680793762207]",181,-6.7380532920360565,300,real,,,False,"[30, 37, 45, 53, 61, 69, 77, 85, 93, 101, 109, 117, 125, 133, 141, 149]",dd536ea27dde94832356c2f3e3f5fbae7ed0856387c0d5ed4d1aa5556310543f,MSVD,compression,real_06,400
0.1901059697779009,previous,,0.18613981800347937,waverep,5.799324874999002,30.0,"[-0.3846706748008728, 0.01426658034324646, -1.9632457494735718, -3.227260112762451, -2.425060272216797, -3.196077346801758, -0.46288877725601196, -0.07084304094314575, -0.25229719281196594, -0.7070081233978271, -2.016017436981201, -2.2104432582855225, -1.7009663581848145, -2.4139604568481445, 0.18211475014686584, -2.354790687561035]",181,-1.449321759864688,150,real,,,False,"[30, 37, 45, 53, 61, 69, 77, 85, 93, 101, 109, 117, 125, 133, 141, 149]",8ddead2c343d77f1586002054e0a23ac1d13f5d3d5ae8e7ea5c670b29c27361b,MSVD,resize,real_06,200
0.005357027819556697,previous,,0.0013908760451351778,waverep,5.953960042010294,30.0,"[-5.4199395179748535, -4.062493324279785, -6.277203559875488, -6.403928756713867, -5.507355690002441, -5.1854329109191895, -5.320372581481934, -6.489524841308594, -3.448289632797241, -2.1470751762390137, -5.9394989013671875, -4.159590721130371, -6.124823093414307, -5.852245330810547, -6.757715225219727, -4.48810338973999]",181,-5.2239745408296585,240,real,,,False,"[30, 37, 45, 53, 61, 69, 77, 85, 93, 101, 109, 117, 125, 133, 141, 149]",0784caf9b68fd2fc027d51c8c419b1ff8431f0d051d39cdc6d4a0bab51e2a4d7,MSVD,crop,real_06,320
0.0007028139310052517,previous,,0.00014324435349915318,waverep,6.365053374989657,25.0,"[-7.5061445236206055, -7.78908634185791, -6.136547088623047, -7.084987640380859, -7.549185752868652, -7.471882343292236, -6.557366371154785, -7.847363471984863, -7.932021141052246, -7.9473066329956055, -7.449850559234619, -7.902188301086426, -7.507259845733643, -6.355829238891602, -6.153176307678223, -6.965249538421631]",276,-7.25971531867981,240,real,,,False,"[88, 94, 101, 107, 114, 121, 127, 134, 140, 147, 154, 160, 167, 173, 180, 187]",4f88da87b2ed2a11d15807f9eb4d75b04aed256d45c350ad86f3f4cbc07e5fdd,MSVD,original,real_07,320
0.0005595695775060985,previous,,0.0,waverep,6.300561374984682,25.0,"[-7.591659069061279, -8.179394721984863, -6.283872604370117, -7.182110786437988, -7.538102149963379, -7.698761940002441, -7.2160468101501465, -7.874564170837402, -8.199450492858887, -8.073426246643066, -7.585781097412109, -7.928887367248535, -7.6134209632873535, -6.832542896270752, -6.6543474197387695, -7.352158546447754]",276,-7.487782955169678,240,real,,,False,"[88, 94, 101, 107, 114, 121, 127, 134, 140, 147, 154, 160, 167, 173, 180, 187]",d16f6ef8c182c324fd66e2b707c1657456784a78bf850155fda7b5e735ff27f6,MSVD,encode_control,real_07,320
0.0003932435217162247,previous,,-0.0001663260557898738,waverep,5.83980595797766,25.0,"[-7.98079776763916, -7.875356197357178, -7.1983642578125, -7.752441883087158, -7.9446024894714355, -8.189362525939941, -8.08321475982666, -8.20409107208252, -8.579912185668945, -8.241275787353516, -7.948914527893066, -8.221226692199707, -7.93635368347168, -7.761386871337891, -6.783148288726807, -6.750561714172363]",276,-7.840688169002533,240,real,,,False,"[88, 94, 101, 107, 114, 121, 127, 134, 140, 147, 154, 160, 167, 173, 180, 187]",38d208d3eb29220950b545173533959dcbbe5668e050c0a4473e5b2d8aaae096,MSVD,compression,real_07,320
0.19269369886857496,previous,,0.19213412929106885,waverep,5.684958291007206,25.0,"[-1.413675308227539, -0.010280415415763855, -0.22071292996406555, -0.3066979646682739, -1.6827607154846191, -2.3819210529327393, -1.5304722785949707, -0.8727439641952515, -0.2308271825313568, -1.994593858718872, -2.9418067932128906, -2.7259626388549805, -1.7563772201538086, -1.6431902647018433, -1.8218669891357422, -1.3877308368682861]",276,-1.4326012758538127,120,real,,,False,"[88, 94, 101, 107, 114, 121, 127, 134, 140, 147, 154, 160, 167, 173, 180, 187]",9cb3ccf4a6aebb5d19521752a5f1b9398ceb2112759f7be768f6999054eb6ba4,MSVD,resize,real_07,160
0.0013401874179207172,previous,,0.0007806178404146187,waverep,5.721228083013557,25.0,"[-6.597524642944336, -7.4573516845703125, -6.792057037353516, -6.681520938873291, -6.923769950866699, -6.205210208892822, -6.0622639656066895, -6.8357391357421875, -7.972871780395508, -6.532649040222168, -6.329471588134766, -6.486012935638428, -6.60687255859375, -5.90962028503418, -5.764096736907959, -6.660643100738525]",276,-6.613604724407196,192,real,,,False,"[88, 94, 101, 107, 114, 121, 127, 134, 140, 147, 154, 160, 167, 173, 180, 187]",4a6dc29424a686e7bb211f8395e1f990cbe27ac45f0f1fabcb547d27c79dfce6,MSVD,crop,real_07,256
0.0014086084396514491,previous,,0.0003327792526172761,waverep,5.633016083011171,14.985014985014985,"[-7.1578803062438965, -6.688261032104492, -6.314194679260254, -6.441412448883057, -5.634045600891113, -5.592356204986572, -5.846776008605957, -6.0476298332214355, -6.881698131561279, -6.72391414642334, -6.744755268096924, -6.723183631896973, -6.584508419036865, -7.114068984985352, -6.509126663208008, -8.016082763671875]",225,-6.563743382692337,240,real,,,False,"[83, 86, 90, 94, 98, 102, 106, 110, 113, 117, 121, 125, 129, 133, 137, 141]",d054ab4045b4ec49f3e830872488a1a24ddde337b910edd7b06c21eca5dc2791,MSVD,original,real_08,320
0.001075829187034173,previous,,0.0,waverep,5.799067625019234,14.985014985014985,"[-7.353888034820557, -7.011861801147461, -6.088047027587891, -6.32916259765625, -5.765091896057129, -6.086029052734375, -6.489184379577637, -6.410957336425781, -7.052998065948486, -7.184253215789795, -6.718574047088623, -7.197179794311523, -7.128055572509766, -7.339300632476807, -7.335053443908691, -7.847757816314697]",225,-6.833587169647217,240,real,,,False,"[83, 86, 90, 94, 98, 102, 106, 110, 113, 117, 121, 125, 129, 133, 137, 141]",0d77c411d0fece9aa6c1a6e52d9edee1f05cabc5e9943397c71f4271b2f7a540,MSVD,encode_control,real_08,320
0.0008545799776217644,previous,,-0.0002212492094124086,waverep,6.131691958988085,14.985014985014985,"[-7.2250165939331055, -6.350593090057373, -6.788727760314941, -6.941110134124756, -6.87322998046875, -6.507874011993408, -7.257977485656738, -7.306589126586914, -7.187376976013184, -7.294000625610352, -7.192877292633057, -7.446835517883301, -7.627241134643555, -6.355791091918945, -7.013937473297119, -7.655550003051758]",225,-7.0640455186367035,240,real,,,False,"[83, 86, 90, 94, 98, 102, 106, 110, 113, 117, 121, 125, 129, 133, 137, 141]",20ee3434722c1230104a629c1d3f4072819e931b42f17b053ca78504a7753bd1,MSVD,compression,real_08,320
0.4527514716577106,previous,,0.45167564247067643,waverep,5.970844415976899,14.985014985014985,"[-1.5562424659729004, -1.3242545127868652, -0.3907816410064697, 0.09198802709579468, -0.5438048839569092, -1.041290044784546, -1.142454981803894, -0.7260606288909912, -0.4668469727039337, 0.4112442135810852, 0.9331921339035034, 0.7673347592353821, 0.7286397814750671, 0.3393056392669678, 1.0633107423782349, -0.17623436450958252]",225,-0.18955969996750355,120,real,,,False,"[83, 86, 90, 94, 98, 102, 106, 110, 113, 117, 121, 125, 129, 133, 137, 141]",771f7399b3fcf4eeeee836ea5f5000cc8ffb52f5a8ae1c5b65c18f8d03d56677,MSVD,resize,real_08,160
0.0019523339398323234,previous,,0.0008765047527981504,waverep,6.034670458000619,14.985014985014985,"[-7.13612174987793, -6.1949262619018555, -6.906644344329834, -6.104275226593018, -5.469438552856445, -4.393096923828125, -5.300080299377441, -5.496033668518066, -6.561838626861572, -6.410913467407227, -6.259284973144531, -6.625430583953857, -6.494996070861816, -6.640467166900635, -7.100009918212891, -6.694849967956543]",225,-6.236775487661362,192,real,,,False,"[83, 86, 90, 94, 98, 102, 106, 110, 113, 117, 121, 125, 129, 133, 137, 141]",cc832ece9371148cbab88ed0e4925fd93294dbb8ee0988eff202a0114945fdd8,MSVD,crop,real_08,256
0.0010365041607732059,previous,,-3.9325026260967136e-05,waverep,5.642882707994431,14.985014985014985,"[-6.740406513214111, -6.881000518798828, -6.7503862380981445, -6.919512748718262, -6.248583793640137, -6.535783290863037, -6.660956382751465, -6.104977607727051, -6.781444549560547, -7.33640193939209, -7.3239240646362305, -7.295549392700195, -6.6024909019470215, -7.045639514923096, -7.030256271362305, -7.676519393920898]",225,-6.870864570140839,240,real,,,False,"[83, 86, 90, 94, 98, 102, 106, 110, 113, 117, 121, 125, 129, 133, 137, 141]",cea65b3b66b0d7deb4d832ad84518b06488eb19986f31fcf000e8aa9c0da88e7,MSVD,crf_23,real_08,320
0.0005976985837326204,previous,,-0.0004781306033015526,waverep,6.332392042007996,14.985014985014985,"[-6.493252754211426, -7.07907247543335, -6.604072093963623, -6.703525066375732, -7.161584854125977, -6.906652450561523, -7.0501909255981445, -7.247894287109375, -7.601017951965332, -7.884899139404297, -7.691693305969238, -7.793667793273926, -7.929800510406494, -7.808308124542236, -8.548819541931152, -8.244766235351562]",225,-7.421826094388962,240,real,,,False,"[83, 86, 90, 94, 98, 102, 106, 110, 113, 117, 121, 125, 129, 133, 137, 141]",ccd0bed37fa93fed255caeb90fbb0f324c72bf5492df0439c7b8642c9b5d2d70,MSVD,crf_28,real_08,320
0.0005251112882155288,previous,,-0.0005507178988186442,waverep,6.27480066701537,14.985014985014985,"[-7.766454696655273, -7.680239677429199, -7.485716819763184, -7.675718307495117, -7.803926467895508, -7.508054733276367, -7.469013214111328, -7.727110862731934, -7.293688774108887, -7.985299587249756, -7.2413787841796875, -7.234595775604248, -6.958930492401123, -7.70168399810791, -7.763120651245117, -7.527068614959717]",225,-7.551375091075897,240,real,,,False,"[83, 86, 90, 94, 98, 102, 106, 110, 113, 117, 121, 125, 129, 133, 137, 141]",6994ce384246dac6135739bca495d5cbbc21049899d6845c39110c19e0eb1a3a,MSVD,crf_32,real_08,320
0.0005690603209077266,previous,,0.00019004917467808062,waverep,6.8283199580037035,29.97002997002997,"[-7.797929286956787, -8.693523406982422, -7.4971923828125, -8.153634071350098, -6.477344512939453, -6.228488922119141, -7.31033992767334, -6.348199844360352, -8.000415802001953, -7.272287845611572, -6.619593143463135, -8.65768814086914, -7.901305675506592, -7.165680885314941, -7.6462297439575195, -7.765424728393555]",300,-7.470954895019531,240,real,,,False,"[90, 97, 105, 113, 121, 129, 137, 145, 152, 160, 168, 176, 184, 192, 200, 208]",b8a15347a7c4fbc51911b6c3623ffbee5d2d59ce10db8b10b330dca09430c248,MSVD,original,real_09,320
0.000379011146229646,previous,,0.0,waverep,6.828870666999137,29.97002997002997,"[-7.865981578826904, -8.964447975158691, -7.8716936111450195, -8.123745918273926, -7.497107028961182, -5.811927795410156, -8.638513565063477, -7.321817398071289, -8.741434097290039, -7.769983291625977, -6.415013790130615, -8.938237190246582, -8.132089614868164, -7.714988708496094, -7.735527515411377, -8.498544692993164]",300,-7.877565860748291,240,real,,,False,"[90, 97, 105, 113, 121, 129, 137, 145, 152, 160, 168, 176, 184, 192, 200, 208]",410548f1360dc6588dfb436def1a01ba83fff41b53214fb0c152ef42a0ca974a,MSVD,encode_control,real_09,320
0.00034988062687726354,previous,,-2.9130519352382484e-05,waverep,6.79149829200469,29.97002997002997,"[-8.208000183105469, -8.336629867553711, -8.62622356414795, -7.658313751220703, -7.778820037841797, -7.935352325439453, -8.207620620727539, -7.7872772216796875, -8.453877449035645, -7.86760139465332, -8.554895401000977, -7.229666709899902, -8.465230941772461, -8.105268478393555, -7.7472429275512695, -6.359076499938965]",300,-7.95756858587265,240,real,,,False,"[90, 97, 105, 113, 121, 129, 137, 145, 152, 160, 168, 176, 184, 192, 200, 208]",ae9c8443eaef8c8c6585c079ce82f2419f0deb5d2ff9e2b805b96a483761a344,MSVD,compression,real_09,320
0.008011492933197415,previous,,0.00763248178696777,waverep,6.01683341700118,29.97002997002997,"[-5.131893634796143, -4.655081748962402, -5.369897842407227, -5.860592842102051, -5.435577392578125, -5.34989070892334, -4.499743461608887, -4.278420925140381, -5.278278350830078, -4.828863143920898, -3.0214951038360596, -3.9170525074005127, -3.6547231674194336, -5.324394226074219, -5.239943504333496, -5.255501747131348]",300,-4.8188343942165375,120,real,,,False,"[90, 97, 105, 113, 121, 129, 137, 145, 152, 160, 168, 176, 184, 192, 200, 208]",e5ad459b2c52879f880944daa8eddeabeea51db6a63e3fe40de94c7175c8bc97,MSVD,resize,real_09,160
0.0011088512177035888,previous,,0.0007298400714739427,waverep,6.321577208000235,29.97002997002997,"[-6.869168758392334, -7.962119102478027, -6.067469596862793, -7.668868064880371, -6.779540061950684, -4.875743865966797, -7.028773307800293, -6.82820987701416, -7.318623065948486, -6.861534118652344, -5.991635322570801, -7.902535915374756, -6.664422988891602, -6.093315124511719, -6.817868232727051, -7.123312950134277]",300,-6.803321272134781,192,real,,,False,"[90, 97, 105, 113, 121, 129, 137, 145, 152, 160, 168, 176, 184, 192, 200, 208]",3c3b99447f75ca1e316cc20a315606edaa28ff6ec69fd248e5d74fe8dc8848f4,MSVD,crop,real_09,256
0.0029311999808092513,previous,,0.0005661964679560022,waverep,5.884902833000524,29.97002997002997,"[-5.6197357177734375, -6.063410758972168, -7.1524434089660645, -5.640237808227539, -4.735508441925049, -5.48819637298584, -3.723395347595215, -3.7378509044647217, -5.701251983642578, -7.272763729095459, -5.236250400543213, -6.130161762237549, -7.2448320388793945, -7.473834991455078, -5.506128311157227, -6.544524192810059]",120,-5.829407885670662,240,real,,,False,"[0, 7, 15, 23, 31, 39, 47, 55, 62, 70, 78, 86, 94, 102, 110, 118]",8388cee485a708846bfc96a812595cbb23349f99baeded7f023f9a1454fb278d,MSVD,original,real_10,320
0.002365003512853249,previous,,0.0,waverep,6.348152916005347,29.97002997002997,"[-6.211954116821289, -5.078934192657471, -6.88441801071167, -5.573367595672607, -5.879792213439941, -5.579588890075684, -4.873782157897949, -4.157690048217773, -6.117714881896973, -8.034549713134766, -6.051510334014893, -6.576662540435791, -6.562704086303711, -7.335756778717041, -5.466237545013428, -6.32906436920166]",120,-6.04460796713829,240,real,,,False,"[0, 7, 15, 23, 31, 39, 47, 55, 62, 70, 78, 86, 94, 102, 110, 118]",c24a1063c9c810f411fa7e8789970e3bbf2addfbd5be0e82a4257fa6448182c7,MSVD,encode_control,real_10,320
0.0019640783302245697,previous,,-0.00040092518262867943,waverep,6.543949500017334,29.97002997002997,"[-5.774117469787598, -6.241811752319336, -7.404569625854492, -5.9909162521362305, -5.699471473693848, -5.462310791015625, -4.394414901733398, -4.981027126312256, -5.533857345581055, -6.832061767578125, -5.577709197998047, -6.510833263397217, -7.317199230194092, -7.535841464996338, -7.288387298583984, -7.147729873657227]",120,-6.230766177177429,240,real,,,False,"[0, 7, 15, 23, 31, 39, 47, 55, 62, 70, 78, 86, 94, 102, 110, 118]",cefdf0170b06939cec3ae2184a6553909756dfa6d1f94c0786513d5c2b40910b,MSVD,compression,real_10,320
0.04097494967168006,previous,,0.03860994615882681,waverep,5.8507459580141585,29.97002997002997,"[-3.7524142265319824, -5.4138078689575195, -5.526516914367676, -5.231454849243164, -2.284235954284668, -3.1380348205566406, -1.4184142351150513, -2.4520444869995117, -1.6290631294250488, -2.5913877487182617, -2.615605354309082, -2.2194879055023193, -3.583660364151001, -2.35788631439209, -2.8264310359954834, -3.406855583190918]",120,-3.152956299483776,120,real,,,False,"[0, 7, 15, 23, 31, 39, 47, 55, 62, 70, 78, 86, 94, 102, 110, 118]",0806cf6708b821aab14a2203926e800b28667546d24550ab983bb2168912984d,MSVD,resize,real_10,160
0.004896365728816738,previous,,0.0025313622159634885,waverep,5.723975917004282,29.97002997002997,"[-5.754029273986816, -6.114541053771973, -6.4197258949279785, -4.056548118591309, -4.260038375854492, -3.93479061126709, -5.143960952758789, -2.7941675186157227, -5.701281547546387, -6.5325727462768555, -6.383732795715332, -4.8777031898498535, -6.173666000366211, -6.558151721954346, -4.834491729736328, -5.4902567863464355]",120,-5.31435364484787,192,real,,,False,"[0, 7, 15, 23, 31, 39, 47, 55, 62, 70, 78, 86, 94, 102, 110, 118]",f38e1b1a53608a5fd6ea10f1fcc7cc73d314c062c08b799fa66f25b58ea35573,MSVD,crop,real_10,256
0.4913889940609453,previous,,0.22674084455871368,waverep,5.925487583008362,30.0,"[3.3025970458984375, 3.2884819507598877, 4.974582672119141, -4.5820746421813965, 1.3342317342758179, 0.045674026012420654, -1.4947395324707031, 1.1675255298614502, -2.030457019805908, -4.85132360458374, -0.09519949555397034, -1.045518398284912, -2.4704341888427734, -2.1709201335906982, 1.0320664644241333, 3.04434871673584]",150,-0.034447429701685905,720,ai,,,False,"[15, 22, 30, 38, 46, 54, 62, 70, 78, 86, 94, 102, 110, 118, 126, 134]",a1cec2a88fbebbdf0715c4f9aef359211e9bb55329cbaa22c3c0b1aa2f0f0a4d,Sora,original,ai_01,480
0.26464814950223164,previous,,0.0,waverep,5.724689584021689,30.0,"[3.8192057609558105, 2.596795082092285, 5.447757720947266, -1.4937803745269775, 2.3391854763031006, -0.6997011303901672, -3.07871675491333, -2.452075958251953, -2.3753113746643066, -4.645774841308594, -2.6435089111328125, -1.9019269943237305, -4.584857940673828, -2.38153076171875, -2.819777488708496, -1.4771476984024048]",150,-1.0219478867948055,720,ai,,,False,"[15, 22, 30, 38, 46, 54, 62, 70, 78, 86, 94, 102, 110, 118, 126, 134]",270172caade725100caa515a48d53a71ade59393bf17dfe914949dfff8e97622,Sora,encode_control,ai_01,480
0.0004023112629443296,previous,,-0.2642458382392873,waverep,5.672447291988647,30.0,"[-6.61489200592041, -7.462374687194824, -7.323972702026367, -9.160968780517578, -8.766448974609375, -8.787259101867676, -8.326337814331055, -8.649162292480469, -8.892833709716797, -2.976818084716797, -7.962912082672119, -8.796257019042969, -8.981083869934082, -9.140240669250488, -7.354241847991943, -5.890309810638428]",150,-7.817882090806961,720,ai,,,False,"[15, 22, 30, 38, 46, 54, 62, 70, 78, 86, 94, 102, 110, 118, 126, 134]",481aa4e8d2ec7cc6091816e877fbc939196f30823c4f4f0e12a701cc1c6d5cff,Sora,compression,ai_01,480
0.17471124946682826,previous,,-0.08993690003540339,waverep,5.893174958997406,30.0,"[1.4105340242385864, -0.46341150999069214, -3.552921772003174, -4.05245304107666, -2.9346089363098145, -3.630150556564331, -3.825438976287842, -2.295450210571289, -2.6893625259399414, -1.304835557937622, -1.8567196130752563, -1.6171159744262695, -0.09931325912475586, 1.4532982110977173, 0.3830205202102661, 0.23334969580173492]",150,-1.552598717622459,360,ai,,,False,"[15, 22, 30, 38, 46, 54, 62, 70, 78, 86, 94, 102, 110, 118, 126, 134]",666d4bd3f2ea815318e04f92cec2cb60f7287169ee25b1038ca9af4a0997557d,Sora,resize,ai_01,240
0.08165004171365975,previous,,-0.1829981077885719,waverep,6.514410625008168,30.0,"[1.6295064687728882, 1.33501136302948, 1.894264817237854, -3.8540210723876953, 0.9804056882858276, -4.492483615875244, -1.4686003923416138, -2.3190860748291016, -4.011529922485352, -4.548422336578369, -4.860565185546875, -3.076563835144043, -5.288673400878906, -4.812994956970215, -3.0172338485717773, -2.8111929893493652]",150,-2.4201362058520317,576,ai,,,False,"[15, 22, 30, 38, 46, 54, 62, 70, 78, 86, 94, 102, 110, 118, 126, 134]",50ca50cda9444f64a6f9dfa4775bdd0b5270b1e452a7cbfcc5102d949954828c,Sora,crop,ai_01,384
0.9887753286281982,previous,,0.03879094149779039,waverep,6.655112082982669,30.0,"[5.19789981842041, 0.9122864007949829, 1.975540041923523, 2.4415054321289062, 4.192234039306641, 4.1800384521484375, 4.5221734046936035, 3.5442116260528564, 4.015011310577393, 4.829520225524902, 4.125507354736328, 4.542410850524902, 9.220077514648438, 6.278688430786133, 5.823117733001709, 5.853425025939941]",300,4.478352978825569,720,ai,,,False,"[90, 97, 105, 113, 121, 129, 137, 145, 153, 161, 169, 177, 185, 193, 201, 209]",4f3b162d606e01540ae58ed2ec9cac33292ca605e683daaffbf204268a002726,Sora,original,ai_02,480
0.9499843871304078,previous,,0.0,waverep,6.4949221670103725,30.0,"[0.838344156742096, 0.4663035571575165, 1.922318458557129, 2.0270111560821533, 3.592012643814087, 3.9788620471954346, 2.8731203079223633, 2.2571394443511963, 2.6420531272888184, 3.074286699295044, 1.803046703338623, 4.873572826385498, 5.682046890258789, 4.601932525634766, 2.856250286102295, 3.617464542388916]",300,2.9441103357821703,720,ai,,,False,"[90, 97, 105, 113, 121, 129, 137, 145, 153, 161, 169, 177, 185, 193, 201, 209]",52c45816cf1c673ff19f00c66302776ee780a80741711bdf34a44826d93e30ad,Sora,encode_control,ai_02,480
0.0009237946761374252,previous,,-0.9490605924542703,waverep,6.229724167002132,30.0,"[-6.744184494018555, -7.438296794891357, -5.92024040222168, -5.831839084625244, -7.3200764656066895, -8.179219245910645, -7.0055341720581055, -7.07307243347168, -6.788135528564453, -7.057489395141602, -7.3187150955200195, -8.075942039489746, -7.951903820037842, -6.887149333953857, -6.301113605499268, -5.884632110595703]",300,-6.986096501350403,720,ai,,,False,"[90, 97, 105, 113, 121, 129, 137, 145, 153, 161, 169, 177, 185, 193, 201, 209]",73b58bb8337af4efb5c2a36bd9a76b22823b1cdc668b6bafa2811103e43f5330,Sora,compression,ai_02,480
0.16181614293980015,previous,,-0.7881682441906076,waverep,6.32308808300877,30.0,"[1.6885225772857666, 1.6168467998504639, -1.2797927856445312, -0.3324441611766815, -1.2659449577331543, -2.2518057823181152, -3.3177578449249268, -4.330446243286133, -3.398886203765869, -2.001434803009033, -3.384218692779541, -2.693051815032959, -1.1142796277999878, -0.2078997790813446, -1.5146152973175049, -2.5292186737060547]",300,-1.6447767056524754,360,ai,,,False,"[90, 97, 105, 113, 121, 129, 137, 145, 153, 161, 169, 177, 185, 193, 201, 209]",39335b13b7e8c8f6c8bfad9d1884151615fb203e541b0bccc0db44bd64fb71c5,Sora,resize,ai_02,240
0.9260279616670635,previous,,-0.02395642546334431,waverep,6.1180469160026405,30.0,"[3.0099854469299316, 0.6742491722106934, 1.2226614952087402, 0.6678996086120605, 5.662215232849121, 2.269291400909424, 3.2794642448425293, 3.5269553661346436, 1.69744873046875, 1.5055224895477295, 1.8016424179077148, 5.003815174102783, 5.030391693115234, 0.8554658889770508, 2.744063138961792, 1.4844048023223877]",300,2.5272172689437866,576,ai,,,False,"[90, 97, 105, 113, 121, 129, 137, 145, 153, 161, 169, 177, 185, 193, 201, 209]",b383917cc1e148d9ff83dbbec53022f678bfbecb8ededa8e226101ad405846fc,Sora,crop,ai_02,384
0.06870741302832094,previous,,0.05280045143896919,waverep,5.970813833002467,30.0,"[-0.11114490032196045, 1.8794766664505005, 5.162387371063232, -3.100653648376465, -2.7192935943603516, -4.2206830978393555, -4.949347496032715, -0.10110104084014893, -1.1956217288970947, -1.8671650886535645, -4.088932037353516, -4.578516006469727, -5.669207572937012, -5.375473499298096, -3.714470386505127, -7.057716369628906]",150,-2.606716401875019,480,ai,,,False,"[15, 22, 30, 38, 46, 54, 62, 70, 78, 86, 94, 102, 110, 118, 126, 134]",e9fd49bce539c8fe640fc60f127d189a822f9deedfe65ad66bfdb3a4114e9a9a,Sora,original,ai_03,854
0.01590696158935175,previous,,0.0,waverep,6.14826787498896,30.0,"[-0.3599148690700531, 1.1143078804016113, 1.2518295049667358, -2.6447863578796387, -5.213907241821289, -6.399353981018066, -5.486728191375732, -5.337280750274658, -4.558417320251465, -3.7862391471862793, -5.176055908203125, -5.017764568328857, -5.48516845703125, -5.437027454376221, -5.913661479949951, -7.549249172210693]",150,-4.124963594600558,480,ai,,,False,"[15, 22, 30, 38, 46, 54, 62, 70, 78, 86, 94, 102, 110, 118, 126, 134]",5b77d82a9371a3717b41d2cffd980558fdf2e381cb28d88d73796beefbe25471,Sora,encode_control,ai_03,854
0.002007254903840774,previous,,-0.013899706685510976,waverep,6.369533832999878,30.0,"[-4.013347148895264, -4.2779693603515625, -5.646067142486572, -5.888063907623291, -5.150060176849365, -6.938102722167969, -6.504456996917725, -6.6788787841796875, -6.349514961242676, -5.478065490722656, -6.365655899047852, -6.113356590270996, -6.2965407371521, -7.963614463806152, -7.37701416015625, -8.302938461303711]",150,-6.208977937698364,480,ai,,,False,"[15, 22, 30, 38, 46, 54, 62, 70, 78, 86, 94, 102, 110, 118, 126, 134]",28fd0f8c6e0fe313b309374cd98d09a36f1aa49d1b72bf50687c7bc8fb7c0bf6,Sora,compression,ai_03,854
0.02735554048485094,previous,,0.01144857889549919,waverep,6.919858792010928,30.0,"[-0.735281765460968, -3.700563430786133, -4.260432243347168, -2.0914461612701416, -3.9935240745544434, -3.8487460613250732, -4.231225967407227, -3.4775311946868896, -3.9161808490753174, -2.297990322113037, -4.6228156089782715, -3.926760196685791, -4.502813339233398, -4.094934463500977, -3.803361654281616, -3.6339850425720215]",150,-3.5710995234549046,240,ai,,,False,"[15, 22, 30, 38, 46, 54, 62, 70, 78, 86, 94, 102, 110, 118, 126, 134]",639fe99ef5e941cc69c5db640529f3ffcc5d3113b0d0feb8a0a5589125e2b471,Sora,resize,ai_03,426
0.0045853827350797625,previous,,-0.011321578854271985,waverep,6.6078477909904905,30.0,"[-3.767279624938965, 0.6324012875556946, 0.8515728712081909, -3.816969633102417, -5.424844741821289, -6.839492321014404, -6.465754508972168, -6.778569221496582, -6.955024242401123, -6.434035301208496, -6.9154157638549805, -5.68496036529541, -7.120203971862793, -7.060633659362793, -6.529090404510498, -7.776272773742676]",150,-5.380285773426294,384,ai,,,False,"[15, 22, 30, 38, 46, 54, 62, 70, 78, 86, 94, 102, 110, 118, 126, 134]",16b7ab704f06987680f8cb627ed45f37366605ee491b27dba57087efa44c1136,Sora,crop,ai_03,682
0.007183493755113618,previous,,-0.00872346783423813,waverep,6.821177499979967,30.0,"[-2.723651647567749, -1.7968800067901611, -1.6776114702224731, -3.751845359802246, -5.792279243469238, -6.524940013885498, -5.505977630615234, -4.722466468811035, -5.392942428588867, -4.37650203704834, -5.27913761138916, -4.940885543823242, -5.849315643310547, -6.028483867645264, -6.509267807006836, -7.987973213195801]",150,-4.928759999573231,480,ai,,,False,"[15, 22, 30, 38, 46, 54, 62, 70, 78, 86, 94, 102, 110, 118, 126, 134]",62da9930c3dfaa944569ae8bb05e53f1fa4c3937139192ca16f187c52da404d0,Sora,crf_23,ai_03,854
0.0023191538713172276,previous,,-0.013587807718034521,waverep,6.362850917008473,30.0,"[-5.06525993347168, -2.6855783462524414, -3.7302207946777344, -3.5565898418426514, -7.18726921081543, -6.790620803833008, -6.80853796005249, -4.47371768951416, -6.961411476135254, -7.1543869972229, -7.071361064910889, -6.300083637237549, -6.67546272277832, -6.832141876220703, -7.353835105895996, -8.381218910217285]",150,-6.064231023192406,480,ai,,,False,"[15, 22, 30, 38, 46, 54, 62, 70, 78, 86, 94, 102, 110, 118, 126, 134]",e9a419fae5c305523723733fabb1acdf66852c3e59fdf772e2def72231de8bae,Sora,crf_28,ai_03,854
0.0022448027098034523,previous,,-0.013662158879548296,waverep,6.392513124999823,30.0,"[-4.192108154296875, -5.355528831481934, -4.002842903137207, -3.1969029903411865, -5.9024434089660645, -5.292810916900635, -6.555064678192139, -5.812618732452393, -7.796182155609131, -6.010223388671875, -5.8432793617248535, -6.937744140625, -7.438967704772949, -7.190083980560303, -7.676700115203857, -8.3467435836792]",150,-6.096890315413475,480,ai,,,False,"[15, 22, 30, 38, 46, 54, 62, 70, 78, 86, 94, 102, 110, 118, 126, 134]",38e234e6894daf0f1c9d1d2f709c3833268a6195b5741487a6ce4d8e1e5d56fa,Sora,crf_32,ai_03,854
0.596916882367389,previous,,0.3986398404202849,waverep,6.351920792018063,30.0,"[3.8341190814971924, 1.0305769443511963, 1.3443725109100342, 2.7038979530334473, 2.530305862426758, 1.781998872756958, 3.656003952026367, 0.2373804748058319, -1.9604365825653076, 2.028510570526123, -2.2987289428710938, 1.7898030281066895, -4.591117858886719, -1.4885566234588623, -1.5252172946929932, -2.790750503540039]",300,0.39263509027659893,720,ai,,,False,"[90, 97, 105, 113, 121, 129, 137, 145, 153, 161, 169, 177, 185, 193, 201, 209]",3fcb1b36ac65ef30c8ec3d612e21fa3d41ab686a724eac4b4c9351128220694c,Sora,original,ai_04,480
0.19827704194710416,previous,,0.0,waverep,6.04916762499488,30.0,"[0.35198110342025757, -1.4615623950958252, -1.9472051858901978, 0.4600406885147095, 0.7912278175354004, -2.009918451309204, 4.4265666007995605, 1.382178783416748, -2.9429798126220703, 0.16099901497364044, -3.7349014282226562, -1.5357705354690552, -6.084824562072754, -4.57546329498291, -2.619811773300171, -3.014122247695923]",300,-1.3970978548750281,720,ai,,,False,"[90, 97, 105, 113, 121, 129, 137, 145, 153, 161, 169, 177, 185, 193, 201, 209]",1ca60e1cccc17850655724965a42f0e671d58d5e173fcf105f928fd11bac7885,Sora,encode_control,ai_04,480
0.00024809109589963923,previous,,-0.19802895085120453,waverep,6.02995899997768,30.0,"[-7.978603839874268, -6.9733991622924805, -7.325338363647461, -6.495595932006836, -7.1108927726745605, -6.759010314941406, -7.8772664070129395, -9.526805877685547, -9.10983657836914, -9.273687362670898, -9.245440483093262, -9.407331466674805, -8.912772178649902, -9.445674896240234, -9.16802978515625, -8.213777542114258]",300,-8.301466435194016,720,ai,,,False,"[90, 97, 105, 113, 121, 129, 137, 145, 153, 161, 169, 177, 185, 193, 201, 209]",3e554dacd6ece39cb7a950eac2f2b5ee9883de4349fdb94baa7dbe91a252a8b8,Sora,compression,ai_04,480
0.08595234210542221,previous,,-0.11232469984168195,waverep,6.355180000013206,30.0,"[1.2038874626159668, 2.2542474269866943, 1.416513442993164, 3.1572840213775635, 3.0758306980133057, 0.753797709941864, -4.188486576080322, -4.707208633422852, -4.9417643547058105, -5.654507160186768, -6.093990802764893, -5.174928188323975, -4.1133246421813965, -5.4457831382751465, -4.6053385734558105, -4.761664390563965]",300,-2.3640897311270237,360,ai,,,False,"[90, 97, 105, 113, 121, 129, 137, 145, 153, 161, 169, 177, 185, 193, 201, 209]",849661fcb95aee593818786e3f956b8aa218ca6ca4008f1e80861f618f5c41c7,Sora,resize,ai_04,240
0.0542650659589413,previous,,-0.14401197598816284,waverep,6.501734749996103,30.0,"[-2.9135870933532715, -2.2657597064971924, -0.5064660310745239, -2.6033339500427246, -0.2198348194360733, -0.5383176207542419, 1.1063092947006226, -2.7507667541503906, -4.492779731750488, -0.98095703125, -5.904677391052246, -2.878225803375244, -6.3640055656433105, -4.561311721801758, -4.67164421081543, -5.183948516845703]",300,-2.8580816658213735,576,ai,,,False,"[90, 97, 105, 113, 121, 129, 137, 145, 153, 161, 169, 177, 185, 193, 201, 209]",3f052daf6a293ae5a696fb6c400f0f3856019b35922f6f1176bb3bf07520b3dc,Sora,crop,ai_04,384
0.6557255448136038,previous,,0.2818596569691214,waverep,6.257209874980617,30.0,"[3.299807548522949, 0.19133836030960083, 2.8589580059051514, 1.1587220430374146, 0.7206732630729675, -0.7781203389167786, 3.397338390350342, 2.169912576675415, 0.5407091379165649, -0.6209245920181274, 2.8196825981140137, -0.3969476819038391, -2.0493521690368652, -2.6488356590270996, 0.9307947158813477, -1.2849057912826538]",150,0.6443031504750252,720,ai,,,False,"[15, 22, 30, 38, 46, 54, 62, 70, 78, 86, 94, 102, 110, 118, 126, 134]",acf0d9b42a9d5433c96626c2e22b62fa2b699f4d42cbafc2f81db75774c57943,Sora,original,ai_05,480
0.3738658878444824,previous,,0.0,waverep,5.791528125002515,30.0,"[2.449145793914795, 0.1718136966228485, 1.3302056789398193, 0.7493929862976074, -1.4038124084472656, -2.438007354736328, 3.6377623081207275, 2.0930402278900146, -0.38624072074890137, -1.9329314231872559, 0.647146463394165, -2.7032036781311035, -2.4847679138183594, -3.63999605178833, -1.5631136894226074, -2.7771129608154297]",150,-0.5156674403697252,720,ai,,,False,"[15, 22, 30, 38, 46, 54, 62, 70, 78, 86, 94, 102, 110, 118, 126, 134]",228c43537ba1ee5fc386cfe8b5861f23c250605411f300384805fc775e53830e,Sora,encode_control,ai_05,480
4.8791379265342216e-05,previous,,-0.37381709646521705,waverep,5.868532958003925,30.0,"[-10.668600082397461, -10.627009391784668, -10.476005554199219, -10.231674194335938, -10.723676681518555, -10.651289939880371, -10.274555206298828, -10.295063018798828, -10.283777236938477, -9.51058578491211, -9.948390007019043, -10.175315856933594, -10.097114562988281, -9.619550704956055, -8.5771484375, -6.686773300170898]",150,-9.92790812253952,720,ai,,,False,"[15, 22, 30, 38, 46, 54, 62, 70, 78, 86, 94, 102, 110, 118, 126, 134]",b7428b1aa07b68be799363d721e4291661b00936a7e334208686f89c9d8d7239,Sora,compression,ai_05,480
0.011380421894588776,previous,,-0.3624854659498936,waverep,6.43710199999623,30.0,"[-4.300350189208984, -1.57712984085083, -4.01091194152832, -4.594574451446533, -5.119863033294678, -5.573393821716309, -3.5241541862487793, -5.49716854095459, -5.796731948852539, -4.72589111328125, -5.380770683288574, -4.316841125488281, -3.8047728538513184, -4.2790446281433105, -3.853437900543213, -5.075605392456055]",150,-4.464415103197098,360,ai,,,False,"[15, 22, 30, 38, 46, 54, 62, 70, 78, 86, 94, 102, 110, 118, 126, 134]",da6af8c249b8fb710b8c96a5fb4e653f8dfbe834c6b22bfb289b27f6c76a79dd,Sora,resize,ai_05,240
0.03558726154783958,previous,,-0.3382786262966428,waverep,5.725145915988833,30.0,"[0.362862765789032, -1.811769962310791, -0.689416766166687, -2.527069330215454, -4.390604019165039, -6.271600246429443, 0.062155283987522125, -2.798733711242676, -4.5788984298706055, -3.0354881286621094, -2.2588860988616943, -3.837282657623291, -6.420897483825684, -5.184209823608398, -3.5370233058929443, -5.875643730163574]",150,-3.299531602766365,576,ai,,,False,"[15, 22, 30, 38, 46, 54, 62, 70, 78, 86, 94, 102, 110, 118, 126, 134]",99aa2b18af65566fa7c2cb02daef5a678d3d36d94c6628b1413d9766d15310e4,Sora,crop,ai_05,384
0.9780156686634465,previous,,0.2052871067879749,waverep,6.032072834001156,24.0,"[1.7363684177398682, 6.714242935180664, 4.325156211853027, 6.704116344451904, 6.754066467285156, 5.0664849281311035, 0.6578582525253296, -0.09511332213878632, -4.306328296661377, 6.310629844665527, 4.457637310028076, 6.333504676818848, 5.081443786621094, 3.3397107124328613, 2.9043002128601074, 4.739052772521973]",192,3.795195703394711,720,ai,,,False,"[48, 54, 60, 67, 73, 79, 86, 92, 98, 105, 111, 117, 124, 130, 136, 143]",88085963f36e9372e6778575b374f70b41cd227306f5e2c51aba6c659f1c8d8b,VEO3,original,ai_06,1280
0.7727285618754716,previous,,0.0,waverep,5.897586625011172,24.0,"[1.7654902935028076, 5.686741828918457, 4.754443168640137, 3.5269155502319336, 4.933470726013184, 2.028566360473633, -2.4344711303710938, -1.0146574974060059, -2.9261844158172607, 2.300917148590088, 2.44995379447937, -0.2326827049255371, -0.3754688799381256, -2.0985684394836426, 0.3700559735298157, 0.8460025787353516]",192,1.2237827721983194,720,ai,,,False,"[48, 54, 60, 67, 73, 79, 86, 92, 98, 105, 111, 117, 124, 130, 136, 143]",572474313999393065ccc0aeb85a0ab727d27e6d99d6796cdefed14479a3bb5a,VEO3,encode_control,ai_06,1280
0.0012356657608045584,previous,,-0.771492896114667,waverep,5.888884124986362,24.0,"[-5.721601486206055, -4.917318344116211, -4.05473518371582, -5.061499118804932, -4.798252582550049, -5.719813346862793, -7.61711311340332, -7.878098487854004, -8.142302513122559, -7.36308479309082, -5.051405906677246, -7.170055866241455, -8.099891662597656, -8.127655029296875, -8.736297607421875, -8.659418106079102]",192,-6.694908946752548,720,ai,,,False,"[48, 54, 60, 67, 73, 79, 86, 92, 98, 105, 111, 117, 124, 130, 136, 143]",d27aad95753defe11f6137dd8aae5acfc831028e829958d06f39f69ec30cb152,VEO3,compression,ai_06,1280
0.3182987793995548,previous,,-0.45442978247591675,waverep,6.083509707998019,24.0,"[-4.780695915222168, -2.691504955291748, 2.635751724243164, 0.8838579654693604, 2.5742404460906982, 4.263660430908203, -4.7285637855529785, -5.044817924499512, -5.29542350769043, -0.3798132836818695, -3.9769649505615234, -2.3763041496276855, -0.6218392848968506, 2.919522762298584, 1.5429295301437378, 2.8903493881225586]",192,-0.7616009693592787,360,ai,,,False,"[48, 54, 60, 67, 73, 79, 86, 92, 98, 105, 111, 117, 124, 130, 136, 143]",240e7b713e3aa10d721cd2d35b306b40af8d4654da2f5fb5c83bad7cd5980cfb,VEO3,resize,ai_06,640
0.8632295594837439,previous,,0.09050099760827235,waverep,6.066131041996414,24.0,"[2.4015049934387207, 5.099813938140869, 3.951096773147583, 1.913128137588501, 5.180204391479492, 3.5949976444244385, -1.6001954078674316, -2.457533597946167, -2.1275794506073, 2.5103673934936523, 7.228881359100342, 4.423271179199219, -2.9409096240997314, 1.3683953285217285, -1.144155740737915, 2.0767407417297363]",192,1.8423767536878586,576,ai,,,False,"[48, 54, 60, 67, 73, 79, 86, 92, 98, 105, 111, 117, 124, 130, 136, 143]",28f8592ac4cd3b901c3bc54ea8c494e06a7c86731a78a95dc4e30089ac6aff76,VEO3,crop,ai_06,1024
0.10525446024636442,previous,,-0.6674741016291071,waverep,6.282682457996998,24.0,"[1.4748589992523193, 3.4569339752197266, 3.415303945541382, -2.327706813812256, -0.5585981011390686, 0.9898470640182495, -3.9994091987609863, -3.3589367866516113, -6.861665725708008, -3.8191723823547363, -2.246093273162842, -3.443593740463257, -4.651378631591797, -5.701469421386719, -3.3703877925872803, -3.2410683631896973]",192,-2.1401585154235363,720,ai,,,False,"[48, 54, 60, 67, 73, 79, 86, 92, 98, 105, 111, 117, 124, 130, 136, 143]",1106bbd032fae42bf714acce4b603dd5b6164edd177ef89c6e374ab3d9a7b56b,VEO3,crf_23,ai_06,1280
0.002551273962483943,previous,,-0.7701772879129877,waverep,6.48989250001614,24.0,"[-3.3199868202209473, -2.8191311359405518, -4.688687324523926, -5.797567367553711, -4.568310737609863, -4.1885833740234375, -6.94019889831543, -7.084606170654297, -6.310359954833984, -5.769557476043701, -7.6176958084106445, -7.103729248046875, -7.998167037963867, -6.204841613769531, -7.992199897766113, -7.094103813171387]",192,-5.968607917428017,720,ai,,,False,"[48, 54, 60, 67, 73, 79, 86, 92, 98, 105, 111, 117, 124, 130, 136, 143]",3b204528779a51321a767cd84a75b52f363233465d68679b452206eeb1ff5694,VEO3,crf_28,ai_06,1280
0.0010279684720954049,previous,,-0.7717005934033762,waverep,6.3003839580051135,24.0,"[-5.5158586502075195, -5.269240379333496, -5.789458751678467, -6.446485996246338, -6.988104820251465, -5.79447078704834, -6.616048812866211, -7.797165870666504, -6.777907371520996, -5.441651821136475, -7.126566410064697, -7.332921504974365, -8.557113647460938, -8.478347778320312, -8.514591217041016, -7.62034273147583]",192,-6.8791422843933105,720,ai,,,False,"[48, 54, 60, 67, 73, 79, 86, 92, 98, 105, 111, 117, 124, 130, 136, 143]",297cdbf55e2e48f69d6ef2f4a75a2e690a29145eaf09099edc45c0bc20d58d32,VEO3,crf_32,ai_06,1280
0.9998710581393424,previous,,2.786849115965495e-05,waverep,6.708883125014836,24.0,"[9.125553131103516, 9.808686256408691, 9.22684097290039, 8.966050148010254, 9.779541015625, 9.695026397705078, 8.79637336730957, 8.26468276977539, 8.929533004760742, 8.818604469299316, 9.261847496032715, 7.741155624389648, 8.786378860473633, 7.585493087768555, 9.077996253967285, 9.432557106018066]",192,8.95601999759674,720,ai,,,False,"[48, 54, 60, 67, 73, 79, 86, 92, 98, 105, 111, 117, 124, 130, 136, 143]",9d4a3e47e4457977cd697dfe6b7c68e3eeb2896d9b38f45ceb46b40b4d2eb17a,VEO3,original,ai_07,1280
0.9998431896481828,previous,,0.0,waverep,6.317599541973323,24.0,"[9.077735900878906, 9.358880996704102, 9.14120864868164, 8.672182083129883, 9.594339370727539, 9.426746368408203, 8.723922729492188, 8.298656463623047, 8.919609069824219, 8.566570281982422, 8.851966857910156, 7.607245445251465, 8.719563484191895, 7.133007049560547, 8.911640167236328, 9.16179084777832]",192,8.760316610336304,720,ai,,,False,"[48, 54, 60, 67, 73, 79, 86, 92, 98, 105, 111, 117, 124, 130, 136, 143]",c66b57cfe4641afcec9861eabdfb3bb3fa81660e2f787712870037402cd1cb0d,VEO3,encode_control,ai_07,1280
0.34099327201519924,previous,,-0.6588499176329835,waverep,5.9866535409819335,24.0,"[1.3938814401626587, 0.45045894384384155, -2.5454983711242676, 1.62892746925354, 0.000376969575881958, -3.458251953125, -0.9903985261917114, -1.9369022846221924, 1.8130854368209839, 0.5327136516571045, 1.1012910604476929, -0.9192776679992676, -2.332921266555786, -3.18977952003479, -1.1097373962402344, -0.9799039363861084]",192,-0.6588709969073534,720,ai,,,False,"[48, 54, 60, 67, 73, 79, 86, 92, 98, 105, 111, 117, 124, 130, 136, 143]",d07fb031afa684ec9ccd44ed76546df4e7cb0f5b54aff4594b18fdef33d26124,VEO3,compression,ai_07,1280
0.9982876566420648,previous,,-0.0015555330061179928,waverep,5.874305832985556,24.0,"[7.223625659942627, 7.850545406341553, 7.296095848083496, 7.051266193389893, 7.613492012023926, 8.492923736572266, 7.103666305541992, 4.010181903839111, 6.850299835205078, 7.8541741371154785, 6.453968048095703, 6.057043075561523, 2.1621944904327393, 5.755748748779297, 4.834436416625977, 5.281196594238281]",192,6.368178650736809,360,ai,,,False,"[48, 54, 60, 67, 73, 79, 86, 92, 98, 105, 111, 117, 124, 130, 136, 143]",54c56baf7a75141233fa6a847c17cf275ee5d2bd42495525d2be2aee6b2eac2d,VEO3,resize,ai_07,640
0.9998497075514046,previous,,6.517903221814336e-06,waverep,5.863828458008356,24.0,"[9.004199028015137, 9.69808578491211, 9.109480857849121, 8.833230972290039, 9.558329582214355, 9.233651161193848, 8.792057037353516, 8.413860321044922, 8.584089279174805, 9.012626647949219, 8.894763946533203, 7.534358024597168, 8.675673484802246, 7.093580722808838, 9.198333740234375, 9.208114624023438]",192,8.802777200937271,576,ai,,,False,"[48, 54, 60, 67, 73, 79, 86, 92, 98, 105, 111, 117, 124, 130, 136, 143]",51430bca8951958d10b05762f4f7044b05b5516db51413549593c4d595902805,VEO3,crop,ai_07,1024
0.9998348785237335,previous,,-3.257854507388025e-06,waverep,5.996300124999834,24.0,"[8.199052810668945, 8.790822982788086, 8.187823295593262, 8.292125701904297, 8.881038665771484, 8.963484764099121, 8.632810592651367, 8.298542022705078, 8.225749969482422, 9.237627029418945, 8.983116149902344, 8.52951431274414, 9.207118034362793, 8.59048080444336, 9.04556941986084, 9.273747444152832]",192,8.708664000034332,720,ai,,,False,"[48, 54, 60, 67, 73, 79, 86, 92, 98, 105, 111, 117, 124, 130, 136, 143]",cc80983c15c3c71606022840189f030881b3700da0f6857bb15c7f244199fc97,VEO3,original,ai_08,1280
0.9998381363782409,previous,,0.0,waverep,6.2520341250055935,24.0,"[8.47020149230957, 8.970256805419922, 8.482398986816406, 8.766683578491211, 8.727066993713379, 8.380655288696289, 8.450105667114258, 8.18883228302002, 7.978522300720215, 9.145428657531738, 8.825183868408203, 8.543455123901367, 9.160847663879395, 8.78190803527832, 9.488936424255371, 9.297029495239258]",192,8.728594541549683,720,ai,,,False,"[48, 54, 60, 67, 73, 79, 86, 92, 98, 105, 111, 117, 124, 130, 136, 143]",41ad59535abbdace6649146dffb751f5eed5bf0295476d79e3b73b88a06ff612,VEO3,encode_control,ai_08,1280
0.9971254719743575,previous,,-0.0027126644038834025,waverep,6.220219166018069,24.0,"[6.074236869812012, 6.2719292640686035, 4.66928768157959, 4.514857292175293, 5.602840900421143, 6.601277828216553, 4.908679008483887, 3.091704845428467, 4.302886962890625, 7.0377516746521, 5.268016338348389, 6.812946796417236, 6.238388538360596, 6.751337051391602, 8.030635833740234, 7.4070329666137695]",192,5.848988115787506,720,ai,,,False,"[48, 54, 60, 67, 73, 79, 86, 92, 98, 105, 111, 117, 124, 130, 136, 143]",fa55382c2cc8da5058ae99483b0a0e095baa15304699d6c531ac3f6e3678e3d3,VEO3,compression,ai_08,1280
0.9976611932528887,previous,,-0.0021769431253522153,waverep,8.73091054201359,24.0,"[5.509186744689941, 6.5602216720581055, 5.691781997680664, 5.715627670288086, 6.269060134887695, 6.574889183044434, 6.28013801574707, 4.450064182281494, 5.163878440856934, 5.906275749206543, 6.617853164672852, 5.411830425262451, 5.095828056335449, 7.145639419555664, 7.508426666259766, 6.991664409637451]",192,6.0557728707790375,360,ai,,,False,"[48, 54, 60, 67, 73, 79, 86, 92, 98, 105, 111, 117, 124, 130, 136, 143]",0494687f38847cb9141700b6d8b01e9d281cabb44c5e610f0f7688099bdbe1e8,VEO3,resize,ai_08,640
0.9998392047301287,previous,,1.0683518877341314e-06,waverep,6.7062916250142734,24.0,"[8.525615692138672, 9.01253890991211, 8.24010181427002, 8.968474388122559, 8.847546577453613, 8.850198745727539, 8.380471229553223, 7.995656967163086, 7.714756965637207, 8.84933090209961, 8.929821014404297, 8.476239204406738, 9.221823692321777, 8.923164367675781, 9.352200508117676, 9.475543975830078]",192,8.735217809677124,576,ai,,,False,"[48, 54, 60, 67, 73, 79, 86, 92, 98, 105, 111, 117, 124, 130, 136, 143]",95493feb7b3e14e11f69a5af5c85621ff8e93ad89f761575ee79acf1e5491fd1,VEO3,crop,ai_08,1024
0.9953814682947024,previous,,0.008750082474398346,waverep,6.252717166993534,24.0,"[7.8527703285217285, 4.552000045776367, 8.426090240478516, 8.849035263061523, 9.089742660522461, 6.416942596435547, 6.205236911773682, 5.714169979095459, 1.102034568786621, 2.171470880508423, 5.014206409454346, 4.732089042663574, 5.659093856811523, 0.9797004461288452, 5.782168388366699, 3.4220356941223145]",192,5.373049207031727,720,ai,,,False,"[48, 54, 60, 67, 73, 79, 86, 92, 98, 105, 111, 117, 124, 130, 136, 143]",0bc32911b3f68092f6b1c252f9031cd9f13cdf8645c2a52d4c068862f8dbf435,VEO3,original,ai_09,1280
0.9866313858203041,previous,,0.0,waverep,6.109698041022057,24.0,"[5.601932525634766, 3.996629476547241, 7.8357062339782715, 6.505248546600342, 7.623036861419678, 7.253752708435059, 1.0978527069091797, 6.984816551208496, -0.4222593903541565, 1.6186811923980713, 3.2825427055358887, 3.527536392211914, 3.6595797538757324, -0.5614820122718811, 3.5708980560302734, 7.247715950012207]",192,4.301386766135693,720,ai,,,False,"[48, 54, 60, 67, 73, 79, 86, 92, 98, 105, 111, 117, 124, 130, 136, 143]",88e443864e00bad397a7800e8e7427b65009db74ba99f0f6b3fc499829d90c3a,VEO3,encode_control,ai_09,1280
0.08137719013502448,previous,,-0.9052541956852795,waverep,6.141963709000265,24.0,"[-7.6562652587890625, -7.513211727142334, -7.024102210998535, -2.8844828605651855, -6.054636478424072, -1.6872875690460205, -3.9960074424743652, -1.1779975891113281, -3.2181410789489746, 0.3696124851703644, 2.733624219894409, -1.6924362182617188, -1.0046926736831665, -2.4648988246917725, 1.2361162900924683, 3.25431752204895]",192,-2.4237805884331465,720,ai,,,False,"[48, 54, 60, 67, 73, 79, 86, 92, 98, 105, 111, 117, 124, 130, 136, 143]",ed1bb9cd0cbae6f051f20c6d8e421cead8f57262138437c197b67d3a5a263207,VEO3,compression,ai_09,1280
0.045573814295644895,previous,,-0.9410575715246592,waverep,6.1138844169909135,24.0,"[-3.83895206451416, -3.93350887298584, -4.649767875671387, -3.230534076690674, -0.9232853651046753, -0.9220117330551147, -3.2955269813537598, -1.631486177444458, -4.418459892272949, -5.948986053466797, -3.5063605308532715, -1.7307007312774658, -3.7229835987091064, -2.813520669937134, -0.7763789296150208, -3.3259685039520264]",192,-3.04177700355649,360,ai,,,False,"[48, 54, 60, 67, 73, 79, 86, 92, 98, 105, 111, 117, 124, 130, 136, 143]",72344a81f75deb8146e2f85f34cd1dcec68426e9166f39851c534d93de1d122d,VEO3,resize,ai_09,640
0.9695897656079399,previous,,-0.017041620212364217,waverep,6.322383665974485,24.0,"[4.398543357849121, -0.8994511961936951, 7.3196120262146, 6.2729878425598145, 4.273217678070068, 5.7546844482421875, 2.1103832721710205, 8.209186553955078, -0.17177987098693848, 2.3273558616638184, 0.8774160146713257, 1.4942374229431152, 3.058715343475342, -0.22820433974266052, 6.221011638641357, 4.375585556030273]",192,3.462093850597739,576,ai,,,False,"[48, 54, 60, 67, 73, 79, 86, 92, 98, 105, 111, 117, 124, 130, 136, 143]",340e09a12e3a1ed4ac61934ad6a124fd7f37d466160520601c674f3ce93372b0,VEO3,crop,ai_09,1024
0.9994138068333615,previous,,0.00034894384337558204,waverep,6.321553124987986,24.0,"[8.10828685760498, 9.125626564025879, 7.396823406219482, 6.946486949920654, 7.591132640838623, 6.80377721786499, 4.130021095275879, 7.118902683258057, 7.7035980224609375, 10.205217361450195, 8.597234725952148, 8.03933334350586, 6.241631507873535, 6.52252721786499, 5.929306983947754, 8.60049057006836]",192,7.44127482175827,720,ai,,,False,"[48, 54, 60, 67, 73, 79, 86, 92, 98, 105, 111, 117, 124, 130, 136, 143]",02d9d5cd08d3da871fa819041ca97a234fd8376481febb9c7f9a6790b4d2364c,VEO3,original,ai_10,1280
0.9990648629899859,previous,,0.0,waverep,6.1647927919984795,24.0,"[7.792834758758545, 8.97197437286377, 7.35055685043335, 7.449740409851074, 7.883941650390625, 6.591986179351807, 4.404165744781494, 5.274677753448486, 6.330923080444336, 10.071720123291016, 7.5933942794799805, 8.143980026245117, 6.409242630004883, 6.465231895446777, 5.026340007781982, 5.821401119232178]",192,6.973881930112839,720,ai,,,False,"[48, 54, 60, 67, 73, 79, 86, 92, 98, 105, 111, 117, 124, 130, 136, 143]",74416d48901cad6deeb34b84b2e397591b0860041a9019439b5b0a667eccccee,VEO3,encode_control,ai_10,1280
0.00308325854643708,previous,,-0.9959816044435488,waverep,6.219740000000456,24.0,"[-8.481874465942383, -7.769288063049316, -7.5960283279418945, -6.46649169921875, -4.20966100692749, -6.667248725891113, -6.905969142913818, -6.957089900970459, -6.777215003967285, -1.073195457458496, -4.493932723999023, -6.536264419555664, -7.358311653137207, -7.351492404937744, -6.622264862060547, 2.807443857192993]",192,-5.778680250048637,720,ai,,,False,"[48, 54, 60, 67, 73, 79, 86, 92, 98, 105, 111, 117, 124, 130, 136, 143]",be742b6c974edeb7cdd360d5b2c6f83c19aeacf8a4aae62c0a0fb4d7529b3f46,VEO3,compression,ai_10,1280
0.5493471776436636,previous,,-0.4497176853463223,waverep,6.168875000003027,24.0,"[4.068902015686035, -1.7323274612426758, -3.1091561317443848, -2.0736443996429443, -3.073227882385254, -3.446249485015869, -2.8204102516174316, -2.2567975521087646, -3.7166543006896973, 3.562432289123535, 4.43290901184082, 1.1453579664230347, 1.9171252250671387, 0.3542785942554474, 0.8267601132392883, 9.08923625946045]",192,0.19803337566554546,360,ai,,,False,"[48, 54, 60, 67, 73, 79, 86, 92, 98, 105, 111, 117, 124, 130, 136, 143]",47d52e2390079c1f4ae306e9b3fe372da14603e0a4a4595dffed1995cdcf336a,VEO3,resize,ai_10,640
0.9989190708852561,previous,,-0.00014579210472975834,waverep,6.191276583995204,24.0,"[8.707438468933105, 8.744741439819336, 8.357290267944336, 5.631597995758057, 7.402751922607422, 6.839499473571777, 4.761623382568359, 4.957599639892578, 5.74700927734375, 9.758267402648926, 6.89188289642334, 7.832213401794434, 5.124672889709473, 6.91655969619751, 5.987760066986084, 5.600736618041992]",192,6.82885280251503,576,ai,,,False,"[48, 54, 60, 67, 73, 79, 86, 92, 98, 105, 111, 117, 124, 130, 136, 143]",5e5cf7b5156d68e846c77a92b38525292aa24d4c2f7a790c7ce7a077dffc7519,VEO3,crop,ai_10,1024
0.35975505476090835,previous,,0.3558068242197822,waverep,6.880945292010438,24.0,"[2.8965768814086914, 1.4383063316345215, -2.6367387771606445, -3.6138057708740234, -2.3178093433380127, -3.4295058250427246, -5.139132499694824, -2.082859754562378, 0.603175163269043, 1.9948571920394897, -0.6210309267044067, 2.1208128929138184, -2.1472229957580566, 2.0049734115600586, -0.10146361589431763, 1.8080286979675293]",71,-0.5764274336397648,480,real,,,False,"[0, 4, 9, 14, 18, 23, 28, 32, 37, 42, 46, 51, 56, 60, 65, 70]",39e3fec5742146ec687f285697ff27e0f40564f8a49c0f3c158508f8c81e7056,DAVIS,original,davis_01,854
0.003948230541126132,previous,,0.0,waverep,6.143884624994826,24.0,"[-1.777174949645996, -2.1456096172332764, -4.18400239944458, -6.4146575927734375, -6.3114118576049805, -6.9312028884887695, -8.267810821533203, -6.370623588562012, -4.808419227600098, -5.086468696594238, -6.664597988128662, -4.371756076812744, -5.358484745025635, -5.728255271911621, -6.501416206359863, -7.566615581512451]",71,-5.530531719326973,480,real,,,False,"[0, 4, 9, 14, 18, 23, 28, 32, 37, 42, 46, 51, 56, 60, 65, 70]",69ccca91ebc017d2ee0de2aecee5c48be9158e41597edc89ac99163ad0776a1d,DAVIS,encode_control,davis_01,854
3.447833357995139e-05,previous,,-0.003913752207546181,waverep,6.118260041985195,24.0,"[-5.49193811416626, -7.7548723220825195, -10.677684783935547, -10.565084457397461, -10.676413536071777, -10.791011810302734, -11.024555206298828, -10.89532470703125, -10.89844036102295, -11.300406455993652, -11.054994583129883, -10.903678894042969, -10.312577247619629, -10.51533317565918, -10.630727767944336, -10.909276008605957]",71,-10.275144964456558,480,real,,,False,"[0, 4, 9, 14, 18, 23, 28, 32, 37, 42, 46, 51, 56, 60, 65, 70]",627cafe18e8540327d9747a387fc7da14e3ea2bfb8425502bd04ee8f80309418,DAVIS,compression,davis_01,854
0.002248480742874557,previous,,-0.001699749798251575,waverep,6.075936708017252,24.0,"[-6.28756856918335, -3.571694850921631, -1.19511079788208, -5.30222225189209, -8.032535552978516, -7.940948963165283, -5.717029571533203, -5.7816362380981445, -5.690359115600586, -6.623167037963867, -7.191168785095215, -5.074153423309326, -5.497203826904297, -7.042072296142578, -8.338645935058594, -8.23847484588623]",71,-6.095249503850937,240,real,,,False,"[0, 4, 9, 14, 18, 23, 28, 32, 37, 42, 46, 51, 56, 60, 65, 70]",f27bccef5885c464910ed52522aaa36b40447900820f27dacf1418729febc74d,DAVIS,resize,davis_01,426
0.003983018559147559,previous,,3.478801802142637e-05,waverep,6.1437004579929635,24.0,"[-4.2706499099731445, -5.863190650939941, -7.742190837860107, -6.6248779296875, -5.40185546875, -6.912367820739746, -8.808767318725586, -5.853521347045898, -5.604723930358887, -2.7085695266723633, -3.5219736099243164, -2.7515788078308105, -3.4502344131469727, -6.324188232421875, -5.449582099914551, -7.059317588806152]",71,-5.521724343299866,384,real,,,False,"[0, 4, 9, 14, 18, 23, 28, 32, 37, 42, 46, 51, 56, 60, 65, 70]",2b752c36ebbf6a02cf23fd0609fe21e3c96db557934bceed53038b67fb2cdd50,DAVIS,crop,davis_01,682
0.00573011624042732,previous,,0.0038107974921166386,waverep,6.1503591669898015,24.0,"[-1.9118157625198364, -3.874117136001587, -5.0689167976379395, -4.697879791259766, -4.456204414367676, -5.506370544433594, -5.350539684295654, -4.7642621994018555, -5.58441686630249, -6.499282360076904, -7.345942497253418, -5.9530029296875, -5.515263080596924, -6.466866493225098, -5.643674850463867, -3.8618104457855225]",90,-5.156272865831852,480,real,,,False,"[0, 5, 11, 17, 23, 29, 35, 41, 47, 53, 59, 65, 71, 77, 83, 89]",e1da20aea919ebeb31afe372a9cf7d008886c1b437bd5b76e28ffd887526815d,DAVIS,original,davis_02,910
0.0019193187483106816,previous,,0.0,waverep,6.208566165994853,24.0,"[-2.6620378494262695, -5.731509208679199, -4.624983787536621, -6.082866668701172, -5.0408806800842285, -6.589548587799072, -5.477624416351318, -6.8139967918396, -6.347532272338867, -7.235462665557861, -7.66188383102417, -6.999363899230957, -7.517146587371826, -7.142958641052246, -7.212541103363037, -6.921483993530273]",90,-6.25386381149292,480,real,,,False,"[0, 5, 11, 17, 23, 29, 35, 41, 47, 53, 59, 65, 71, 77, 83, 89]",ad3ff56b94e14242f367cb6c542979cebb866bd52975548051059d74a98e555d,DAVIS,encode_control,davis_02,910
0.0003996602641588306,previous,,-0.0015196584841518511,waverep,6.132617666997248,24.0,"[-5.255361557006836, -7.071171283721924, -7.757031440734863, -7.185725688934326, -7.74567174911499, -7.664892196655273, -6.360520362854004, -7.0020432472229, -8.652605056762695, -9.559236526489258, -8.362638473510742, -8.483120918273926, -8.192696571350098, -8.723097801208496, -8.618379592895508, -8.557743072509766]",90,-7.82449597120285,480,real,,,False,"[0, 5, 11, 17, 23, 29, 35, 41, 47, 53, 59, 65, 71, 77, 83, 89]",ad50414254f1fe727ae53057bda209792544d38e28a2c3665c66c5f772ed6c6a,DAVIS,compression,davis_02,910
0.005949961165095715,previous,,0.004030642416785034,waverep,6.123554499994498,24.0,"[-3.964020252227783, -3.149383306503296, -3.9435863494873047, -3.6610279083251953, -4.629796504974365, -5.231993198394775, -4.264957904815674, -5.82865571975708, -5.50888204574585, -6.799556732177734, -5.73526668548584, -5.528196334838867, -5.341972827911377, -6.341916561126709, -4.748115062713623, -7.217118263244629]",90,-5.118402853608131,240,real,,,False,"[0, 5, 11, 17, 23, 29, 35, 41, 47, 53, 59, 65, 71, 77, 83, 89]",36d961e760ed511295be590c443d38577dca0f4aa9f3035d67adbd8da2fa1cc9,DAVIS,resize,davis_02,454
0.0016632793673913748,previous,,-0.00025603938091930674,waverep,6.108737417001976,24.0,"[-4.591916084289551, -6.2866363525390625, -5.851039886474609, -5.224778175354004, -5.752993583679199, -5.94256591796875, -5.576356887817383, -5.753548622131348, -6.085635185241699, -7.088054656982422, -7.759024620056152, -7.328111171722412, -7.364201545715332, -7.378519058227539, -7.638790130615234, -6.734619140625]",90,-6.397299438714981,384,real,,,False,"[0, 5, 11, 17, 23, 29, 35, 41, 47, 53, 59, 65, 71, 77, 83, 89]",e6ea4ed52dfc0ff73783d316c2d28d5dac84162db6648789adb9b9f7a7716414,DAVIS,crop,davis_02,728
0.0004625132737577324,previous,,0.0003142757644714933,waverep,6.156301625014748,24.0,"[-5.950128078460693, -8.395589828491211, -8.781805038452148, -7.820249557495117, -8.44942855834961, -4.762112140655518, -7.388686656951904, -7.574789047241211, -7.192455768585205, -8.219362258911133, -6.541241645812988, -9.102118492126465, -7.775212287902832, -8.046005249023438, -8.610218048095703, -8.244560241699219]",77,-7.6783726811409,480,real,,,False,"[0, 5, 10, 15, 20, 25, 30, 35, 40, 45, 50, 55, 60, 65, 70, 76]",6e06aac16243f01484fb9a895f045294ac46e288be23642613556d0c11118d00,DAVIS,original,davis_03,854
0.00014823750928623914,previous,,0.0,waverep,6.726508541003568,24.0,"[-6.376523971557617, -9.160162925720215, -9.29140853881836, -8.974581718444824, -9.315237045288086, -7.915263652801514, -8.873284339904785, -9.158246040344238, -8.552751541137695, -9.414007186889648, -8.289281845092773, -9.224477767944336, -8.787221908569336, -9.018745422363281, -9.145055770874023, -9.56849479675293]",77,-8.816546529531479,480,real,,,False,"[0, 5, 10, 15, 20, 25, 30, 35, 40, 45, 50, 55, 60, 65, 70, 76]",8c1cc78f46bed6d784a747b7469538db07492c4044dfa21740de0f5ab0ab944f,DAVIS,encode_control,davis_03,854
7.860419435740741e-05,previous,,-6.963331492883173e-05,waverep,6.089776999986498,24.0,"[-7.955207824707031, -8.98079776763916, -9.320501327514648, -9.18083381652832, -9.648438453674316, -9.534374237060547, -9.426788330078125, -9.710115432739258, -9.24461555480957, -9.662152290344238, -9.739678382873535, -9.630146980285645, -9.586278915405273, -9.979130744934082, -9.732749938964844, -9.884300231933594]",77,-9.451006889343262,480,real,,,False,"[0, 5, 10, 15, 20, 25, 30, 35, 40, 45, 50, 55, 60, 65, 70, 76]",2cf23adeb5e2975bee7f2ebec1d6b020f58ce012ab795767cc62d449ee351638,DAVIS,compression,davis_03,854
0.0005219657476613239,previous,,0.0003737282383750848,waverep,6.061916583013954,24.0,"[-7.461206912994385, -7.415441989898682, -8.055789947509766, -7.236106872558594, -7.088249206542969, -7.0592169761657715, -7.57400369644165, -7.547634124755859, -7.578229904174805, -7.457279682159424, -7.234643936157227, -7.784754276275635, -8.053255081176758, -7.950341701507568, -7.67786169052124, -7.744167804718018]",77,-7.557386487722397,240,real,,,False,"[0, 5, 10, 15, 20, 25, 30, 35, 40, 45, 50, 55, 60, 65, 70, 76]",a47693af9ae4c41953dccb98f18971c1becee131b1d5c29a1808e2ba6c7a5434,DAVIS,resize,davis_03,426
0.00015973959912642295,previous,,1.1502089840183808e-05,waverep,6.1161771249899175,24.0,"[-7.88744592666626, -8.68077278137207, -8.751829147338867, -8.89602279663086, -9.2372407913208, -8.401217460632324, -8.702618598937988, -8.725791931152344, -8.801177978515625, -8.604948043823242, -8.538839340209961, -9.151724815368652, -9.04243278503418, -8.43178653717041, -8.766921997070312, -9.248122215270996]",77,-8.74180582165718,384,real,,,False,"[0, 5, 10, 15, 20, 25, 30, 35, 40, 45, 50, 55, 60, 65, 70, 76]",9dba414ed71cc26fdef6bd3adb54cb682afb432d941a26bafddcc4a2585104b2,DAVIS,crop,davis_03,682
0.0006847740697707765,previous,,0.000221247696720147,waverep,6.112528083001962,24.0,"[-5.609009742736816, -7.352375030517578, -7.782447338104248, -7.652655601501465, -7.651773452758789, -7.752643585205078, -7.269468307495117, -7.3603057861328125, -6.79439640045166, -7.126053810119629, -7.081003189086914, -7.267375469207764, -7.351001262664795, -7.591109275817871, -7.858242988586426, -7.071924209594727]",82,-7.285736590623856,480,real,,,False,"[0, 5, 10, 16, 21, 27, 32, 37, 43, 48, 54, 59, 64, 70, 75, 81]",54d820453f3379becd15020737783a5d716c528d3bc179a34f34b7e860560db2,DAVIS,original,davis_04,854
0.00046352637305062947,previous,,0.0,waverep,6.163348542002495,24.0,"[-5.507024765014648, -7.862340450286865, -8.14168930053711, -7.838741302490234, -7.713432312011719, -8.25799560546875, -7.733855247497559, -7.534568786621094, -7.45252799987793, -7.6308979988098145, -7.509949684143066, -7.56590461730957, -7.851044654846191, -8.199235916137695, -8.1016263961792, -7.918103218078613]",82,-7.676183640956879,480,real,,,False,"[0, 5, 10, 16, 21, 27, 32, 37, 43, 48, 54, 59, 64, 70, 75, 81]",0f507aad053965193a5217696c9e6992f0d8124bce9cc9d9e99c4128f17debef,DAVIS,encode_control,davis_04,854
9.726711284253217e-05,previous,,-0.00036625926020809733,waverep,6.177278208982898,24.0,"[-8.73581314086914, -9.22044849395752, -9.280980110168457, -8.370325088500977, -9.110904693603516, -9.675074577331543, -9.430683135986328, -9.45785140991211, -9.230340957641602, -9.547322273254395, -9.352023124694824, -9.259040832519531, -9.292194366455078, -9.234020233154297, -9.509864807128906, -9.100350379943848]",82,-9.23795235157013,480,real,,,False,"[0, 5, 10, 16, 21, 27, 32, 37, 43, 48, 54, 59, 64, 70, 75, 81]",4e5da449c4e993c62d005cb04e6dfa910ab8aee61b7b54e61b0d1bd50a4d25b5,DAVIS,compression,davis_04,854
0.0017516064137152731,previous,,0.0012880800406646436,waverep,6.025961749983253,24.0,"[-6.187431335449219, -6.420415878295898, -7.108469486236572, -7.154476642608643, -7.312127113342285, -6.997475624084473, -7.434433937072754, -5.962526321411133, -6.929553985595703, -6.329038143157959, -4.378563404083252, -3.010800838470459, -6.682890892028809, -6.60515022277832, -6.2604241371154785, -6.75372314453125]",82,-6.345468819141388,240,real,,,False,"[0, 5, 10, 16, 21, 27, 32, 37, 43, 48, 54, 59, 64, 70, 75, 81]",c3d12d53270d20aa781c1b76743868571972c4d29d598e6ae31fc4dac09b1957,DAVIS,resize,davis_04,426
0.0007354874480757753,previous,,0.00027196107502514585,waverep,6.647780500003137,24.0,"[-5.814865589141846, -7.653298854827881, -7.632711887359619, -7.330626487731934, -7.569847583770752, -7.516507625579834, -7.02755069732666, -7.598865509033203, -7.35508918762207, -7.582938194274902, -6.159366607666016, -6.907820701599121, -7.214171409606934, -6.988398551940918, -7.43982458114624, -7.635977745056152]",82,-7.214241325855255,384,real,,,False,"[0, 5, 10, 16, 21, 27, 32, 37, 43, 48, 54, 59, 64, 70, 75, 81]",977299fb17711bae25f6b5868d70ba6a1afe56c883e337d7e7d425dae294e124,DAVIS,crop,davis_04,682
0.12806123229566793,previous,,0.1211213511025778,waverep,6.12695220799651,24.0,"[0.56226646900177, -0.7359967827796936, -4.187649250030518, -1.5627139806747437, -3.464430570602417, -1.7877321243286133, -1.3122365474700928, -3.5191638469696045, -2.5921552181243896, 0.5504101514816284, -2.933924674987793, -0.8016506433486938, -2.098707437515259, -3.550722599029541, -1.3444652557373047, -1.9124984741210938]",78,-1.9182106740772724,480,real,,,False,"[0, 5, 10, 15, 20, 25, 30, 35, 41, 46, 51, 56, 61, 66, 71, 77]",e8a3b2ffb926eeecb736c8a3c1656f303662b789705c5270b0c33f13ebdd9ab0,DAVIS,original,davis_05,854
0.006939881193090143,previous,,0.0,waverep,6.147718916996382,24.0,"[0.5412552356719971, -6.011956691741943, -5.787603378295898, -4.480907917022705, -6.672724723815918, -4.207279205322266, -5.659261226654053, -5.957601070404053, -4.710418701171875, -2.7061660289764404, -6.265170097351074, -5.4104719161987305, -4.924310207366943, -4.386905670166016, -6.8238701820373535, -5.9527130126953125]",78,-4.9635065495967865,480,real,,,False,"[0, 5, 10, 15, 20, 25, 30, 35, 41, 46, 51, 56, 61, 66, 71, 77]",e7ac5d718730ff7c15861300da33686f1ff46b79e0af4c27627b73d5ede74d9b,DAVIS,encode_control,davis_05,854
0.0011931042129040845,previous,,-0.0057467769801860585,waverep,6.148166958009824,24.0,"[-2.382899761199951, -6.847663402557373, -6.110750198364258, -6.758944511413574, -6.441181182861328, -6.933025360107422, -6.963095188140869, -7.042218208312988, -8.248725891113281, -7.458090782165527, -7.489956855773926, -6.005260944366455, -6.7719197273254395, -6.804874420166016, -7.47435998916626, -7.947081089019775]",78,-6.730002969503403,480,real,,,False,"[0, 5, 10, 15, 20, 25, 30, 35, 41, 46, 51, 56, 61, 66, 71, 77]",f9b90936469ee44baef1c4e29be41091f79d67a0f762082b0953a0056c69e0e4,DAVIS,compression,davis_05,854
0.009575607600771745,previous,,0.0026357264076816017,waverep,6.039373415987939,24.0,"[-4.716117858886719, -4.256002426147461, -5.392764091491699, -5.688247203826904, -2.8502635955810547, -3.9481496810913086, -4.765308856964111, -5.524960517883301, -5.50211238861084, -4.385158061981201, -4.628373146057129, -4.0937910079956055, -3.5531415939331055, -5.149679183959961, -3.9931294918060303, -5.775433540344238]",78,-4.638914540410042,240,real,,,False,"[0, 5, 10, 15, 20, 25, 30, 35, 41, 46, 51, 56, 61, 66, 71, 77]",3b8c01888369ba66f368f0c28bc748677a8647e1e87560d54b3f66d66e4bd6ed,DAVIS,resize,davis_05,426
0.01821173431829294,previous,,0.011271853125202798,waverep,6.073101999994833,24.0,"[-0.6395047903060913, -4.326509475708008, -5.25864839553833, -7.039177417755127, -6.881801605224609, -5.843667030334473, -2.9992458820343018, -5.008584976196289, -4.364993095397949, -0.17982394993305206, -4.565117835998535, 0.29100731015205383, -3.8734264373779297, -3.1902804374694824, -4.6921281814575195, -5.225050449371338]",78,-3.9873095406219363,384,real,,,False,"[0, 5, 10, 15, 20, 25, 30, 35, 41, 46, 51, 56, 61, 66, 71, 77]",7fc504e2941eccd4391461cedad6267c0bfa48a1b92f6550a1ad325534e8ee6f,DAVIS,crop,davis_05,682
0.006612446182338908,fresh,,0.003360466565415773,waverep,6.1947167920006905,59.94005994005994,"[-3.1773183345794678, -4.7355852127075195, -6.181232452392578, -5.649835586547852, -2.4315438270568848, -3.8315176963806152, -7.302499771118164, -7.418422698974609, -4.6675920486450195, -6.348649024963379, -7.364999294281006, -3.9785497188568115, -3.7650656700134277, -5.385250091552734, -5.26754093170166, -2.689073085784912]",360,-5.01216721534729,360,real,,,False,"[60, 75, 91, 107, 123, 139, 155, 171, 186, 202, 218, 234, 250, 266, 282, 298]",bae119c802c39c990df92e1da5524129f41f14f47dd16ae94de3d9fc63c5e0bd,MSVD,original,fresh_real_01,640
0.003251979616923135,fresh,,0.0,waverep,6.132325958024012,59.94005994005994,"[-3.9162561893463135, -5.490072250366211, -7.9399213790893555, -4.49830961227417, -2.28568172454834, -4.5812087059021, -7.623404502868652, -8.491958618164062, -4.284416675567627, -5.910094261169434, -6.658557415008545, -5.814661026000977, -5.814180374145508, -5.868343830108643, -5.875099182128906, -6.551579475402832]",360,-5.72523407638073,360,real,,,False,"[60, 75, 91, 107, 123, 139, 155, 171, 186, 202, 218, 234, 250, 266, 282, 298]",d1568e2affc0214fd457bf564ffd79d58b9185b251ba24cb374ded8e8541ede5,MSVD,encode_control,fresh_real_01,640
0.0013252520753710931,fresh,,-0.0019267275415520417,waverep,6.162230499990983,59.94005994005994,"[-6.259137153625488, -5.810906410217285, -5.199258804321289, -6.61090612411499, -5.525753021240234, -3.3182716369628906, -5.217920780181885, -6.686820983886719, -7.339126110076904, -6.8841753005981445, -7.96350622177124, -8.085442543029785, -7.850313186645508, -7.7702412605285645, -7.689767360687256, -7.7856764793396]",360,-6.6248264610767365,360,real,,,False,"[60, 75, 91, 107, 123, 139, 155, 171, 186, 202, 218, 234, 250, 266, 282, 298]",408021eecf9a86b23cc2b31ae1b579dadb6437e1ee357379a2c9326d04abb3c4,MSVD,compression,fresh_real_01,640
0.03432054288928568,fresh,,0.031068563272362546,waverep,6.051157334004529,59.94005994005994,"[0.17894555628299713, 0.3213578462600708, -4.732481002807617, -6.4959259033203125, -0.7010278701782227, -1.9038358926773071, -3.607797622680664, -1.8566995859146118, -4.646457672119141, -5.552042484283447, -5.523695468902588, -4.416239261627197, -4.325187683105469, -3.5258114337921143, -3.2649927139282227, -3.3415145874023438]",360,-3.337087861262262,180,real,,,False,"[60, 75, 91, 107, 123, 139, 155, 171, 186, 202, 218, 234, 250, 266, 282, 298]",14962acd3dd31e391b483095b96a6cc83ac29645f7e4e5b86f3794b6007f1892,MSVD,resize,fresh_real_01,320
0.0038127171844501346,fresh,,0.0005607375675269997,waverep,6.1488229999959,59.94005994005994,"[-3.6931777000427246, -3.8742315769195557, -5.504823684692383, -5.483450889587402, -2.298862934112549, -4.387364864349365, -7.779940605163574, -7.585506439208984, -6.628227233886719, -6.204245567321777, -6.648797035217285, -5.389327049255371, -5.281471252441406, -6.073978900909424, -6.428853988647461, -5.787230968475342]",360,-5.565593168139458,288,real,,,False,"[60, 75, 91, 107, 123, 139, 155, 171, 186, 202, 218, 234, 250, 266, 282, 298]",39664e087747cb769ea1b8c2d20f1c523f13ffb26726d166ce32ec7316003349,MSVD,crop,fresh_real_01,512
0.02901523048554193,fresh,,0.02777654429456774,waverep,6.310606500017457,29.916666666666668,"[-4.019623756408691, -6.547203063964844, -3.5264830589294434, -7.388852119445801, -2.96427583694458, -4.498605728149414, -3.9861202239990234, -4.509725570678711, -6.5107102394104, -0.0245589017868042, -3.1764535903930664, 0.4477781355381012, -1.4706311225891113, -3.6462435722351074, -0.6467641592025757, -3.6993656158447266]",150,-3.5104899015277624,720,real,,,False,"[15, 22, 30, 38, 46, 54, 62, 70, 77, 85, 93, 101, 109, 117, 125, 133]",df57964a64d936da76809f0b108e64810bedd25ab5d95cfaf81843cf0fa9fcc3,MSVD,original,fresh_real_02,1280
0.0012386861909741908,fresh,,0.0,waverep,6.835171917016851,29.916666666666668,"[-8.21096420288086, -8.568597793579102, -7.4897027015686035, -9.083043098449707, -5.1954874992370605, -7.4413743019104, -7.374874114990234, -6.498699188232422, -6.666595935821533, -6.7878570556640625, -7.550016403198242, -5.969185829162598, -5.755054950714111, -4.041414260864258, -3.034298896789551, -7.412266254425049]",150,-6.692464530467987,720,real,,,False,"[15, 22, 30, 38, 46, 54, 62, 70, 77, 85, 93, 101, 109, 117, 125, 133]",f6224a04b656c4409d8ccbc2877df5d6294b33e975a9a2b63c24b528c183c21f,MSVD,encode_control,fresh_real_02,1280
0.0002638359717582876,fresh,,-0.0009748502192159032,waverep,6.200492040981771,29.916666666666668,"[-7.947481632232666, -9.489376068115234, -9.481858253479004, -10.068395614624023, -9.275397300720215, -8.387378692626953, -8.265783309936523, -10.054281234741211, -8.951028823852539, -7.173497676849365, -7.872727394104004, -6.6556620597839355, -8.00483226776123, -6.618639945983887, -7.049447059631348, -6.5429182052612305]",150,-8.23991909623146,720,real,,,False,"[15, 22, 30, 38, 46, 54, 62, 70, 77, 85, 93, 101, 109, 117, 125, 133]",6bfa35d1dced73926516bbaed26a506e0f42c4122beb556ce42990b497273ae3,MSVD,compression,fresh_real_02,1280
0.00023022734107351885,fresh,,-0.001008458849900672,waverep,6.206695999979274,29.916666666666668,"[-8.45660400390625, -8.840316772460938, -8.372041702270508, -8.898012161254883, -8.20499038696289, -9.446125030517578, -7.619719982147217, -9.255966186523438, -9.298794746398926, -9.23923110961914, -8.848474502563477, -8.14030647277832, -9.594995498657227, -8.847095489501953, -5.355238437652588, -5.60149621963501]",150,-8.376213043928146,360,real,,,False,"[15, 22, 30, 38, 46, 54, 62, 70, 77, 85, 93, 101, 109, 117, 125, 133]",10161f0bb28966e86597c78352a61bb437600b360d902f8eb491b61fec7585c5,MSVD,resize,fresh_real_02,640
0.0009275401275536478,fresh,,-0.000311146063420543,waverep,6.313062708999496,29.916666666666668,"[-8.476330757141113, -8.38208293914795, -7.588753700256348, -9.0758638381958, -7.213744640350342, -6.922791004180908, -8.249289512634277, -6.762238502502441, -7.418415546417236, -6.475014686584473, -8.327177047729492, -7.960122108459473, -6.614567279815674, -3.4042723178863525, -2.3350629806518555, -6.507017612457275]",150,-6.982046529650688,576,real,,,False,"[15, 22, 30, 38, 46, 54, 62, 70, 77, 85, 93, 101, 109, 117, 125, 133]",08f1b50fa21aaf19c533344d785d9fca36370e3de74c0d9bb6545d43a030d9c7,MSVD,crop,fresh_real_02,1024
0.00015364801666919658,fresh,,-4.667258331987368e-06,waverep,6.153807915979996,29.97002997002997,"[-8.054107666015625, -8.768072128295898, -8.427200317382812, -8.212240219116211, -8.950669288635254, -8.857680320739746, -9.170675277709961, -9.316940307617188, -8.524747848510742, -9.157367706298828, -8.935090065002441, -8.984710693359375, -9.072746276855469, -8.840368270874023, -8.493581771850586, -8.724882125854492]",240,-8.780692517757416,338,real,,,False,"[60, 67, 75, 83, 91, 99, 107, 115, 122, 130, 138, 146, 154, 162, 170, 178]",05b830fc32e407c6881acf899a37c957e9107eede5ae654a78d13efe55a17def,MSVD,original,fresh_real_03,448
0.00015831527500118395,fresh,,0.0,waverep,5.993579999980284,29.97002997002997,"[-8.487252235412598, -8.44150161743164, -7.979092597961426, -7.913707733154297, -8.648893356323242, -8.653100967407227, -9.215126037597656, -9.648725509643555, -8.653039932250977, -8.982359886169434, -8.98554801940918, -9.000502586364746, -8.934715270996094, -8.683727264404297, -8.606603622436523, -9.178323745727539]",240,-8.750763773918152,338,real,,,False,"[60, 67, 75, 83, 91, 99, 107, 115, 122, 130, 138, 146, 154, 162, 170, 178]",7ce567165c6b021e58a1c62a955568aae572672661c6887009e9525038375b64,MSVD,encode_control,fresh_real_03,448
0.00013653912278491036,fresh,,-2.1776152216273592e-05,waverep,6.065516915987246,29.97002997002997,"[-9.44422721862793, -8.849040985107422, -8.938018798828125, -8.432390213012695, -8.443177223205566, -8.513124465942383, -8.634920120239258, -9.1384859085083, -9.023947715759277, -9.536031723022461, -8.892593383789062, -9.48164176940918, -9.098079681396484, -9.111712455749512, -8.321813583374023, -8.520999908447266]",240,-8.898762822151184,338,real,,,False,"[60, 67, 75, 83, 91, 99, 107, 115, 122, 130, 138, 146, 154, 162, 170, 178]",4030a9af3f489fcf43eaec9caa6ac4087d731a3e5ed219d893d2be29fbb6d307,MSVD,compression,fresh_real_03,448
0.002917141320714547,fresh,,0.0027588260457133635,waverep,6.096357208996778,29.97002997002997,"[-6.033490180969238, -5.897350788116455, -6.507240295410156, -6.652718544006348, -5.251003742218018, -4.972247123718262, -6.100905418395996, -2.9064979553222656, -6.636307716369629, -6.6951141357421875, -4.868378162384033, -7.0184149742126465, -6.334182262420654, -6.330018043518066, -6.208855628967285, -4.934950828552246]",240,-5.834229737520218,168,real,,,False,"[60, 67, 75, 83, 91, 99, 107, 115, 122, 130, 138, 146, 154, 162, 170, 178]",60675a750ba76b463a6f400315f130a8b96187c866e4c7f3ef23eab215674283,MSVD,resize,fresh_real_03,224
0.0002235556380085893,fresh,,6.524036300740535e-05,waverep,6.114132083981531,29.97002997002997,"[-8.15945816040039, -8.740013122558594, -7.962367057800293, -6.7494635581970215, -8.511506080627441, -8.500140190124512, -8.583534240722656, -8.827978134155273, -8.51970386505127, -8.691937446594238, -8.620683670043945, -8.666328430175781, -8.634008407592773, -8.289377212524414, -7.984137058258057, -9.049389839172363]",240,-8.405626654624939,270,real,,,False,"[60, 67, 75, 83, 91, 99, 107, 115, 122, 130, 138, 146, 154, 162, 170, 178]",c4783ff502f59781b4ba06e527bfbc11c7e53b6f61af928d14d5063faff2ffc0,MSVD,crop,fresh_real_03,358
0.0004092647954123305,fresh,,7.764231062031376e-05,waverep,6.140915166004561,29.916666666666668,"[-7.68132209777832, -7.737144947052002, -7.561409950256348, -7.88352108001709, -7.91666316986084, -7.9104719161987305, -7.610790252685547, -7.7833967208862305, -7.740002155303955, -8.0931978225708, -7.868492603302002, -7.86673641204834, -7.881712913513184, -7.575505256652832, -7.772258758544922, -7.929195404052734]",150,-7.800738841295242,360,real,,,False,"[15, 22, 30, 38, 46, 54, 62, 70, 77, 85, 93, 101, 109, 117, 125, 133]",df508b84233ce01d3f9c49c5ba8b12ea2a11169465192a421265e82c37424db0,MSVD,original,fresh_real_04,480
0.00033162248479201676,fresh,,0.0,waverep,6.090513957984513,29.916666666666668,"[-7.776627540588379, -7.671014785766602, -7.771914958953857, -7.990762710571289, -8.172283172607422, -8.103119850158691, -7.928699493408203, -7.9990973472595215, -7.878259658813477, -8.260428428649902, -8.02568244934082, -8.100425720214844, -8.097705841064453, -7.985404968261719, -8.214627265930176, -8.202852249145508]",150,-8.011181652545929,360,real,,,False,"[15, 22, 30, 38, 46, 54, 62, 70, 77, 85, 93, 101, 109, 117, 125, 133]",a79bf7baa21cad6b17baabf4fecf70e0067c08d8684acde9fd70ebef379a19b1,MSVD,encode_control,fresh_real_04,480
0.000534808053279745,fresh,,0.00020318556848772823,waverep,6.157360375014832,29.916666666666668,"[-7.493247985839844, -7.269731521606445, -7.798793792724609, -7.872361183166504, -7.749522686004639, -7.640872478485107, -7.894006729125977, -7.763002395629883, -7.583185195922852, -7.53767204284668, -7.240828990936279, -7.222280025482178, -7.26451301574707, -7.435464859008789, -7.333737373352051, -7.429862976074219]",150,-7.53306770324707,360,real,,,False,"[15, 22, 30, 38, 46, 54, 62, 70, 77, 85, 93, 101, 109, 117, 125, 133]",5ee969a103bbab3fad1be16e6ec77c37230eba5972a120f2b7180118c422b688,MSVD,compression,fresh_real_04,480
0.003814017841517023,fresh,,0.0034823953567250064,waverep,6.13124041701667,29.916666666666668,"[-6.017315864562988, -5.920563220977783, -6.224218368530273, -6.006370544433594, -6.033510684967041, -5.490189552307129, -5.786137580871582, -5.577849388122559, -5.873335838317871, -5.5763750076293945, -5.364698886871338, -4.927227020263672, -5.3261332511901855, -5.086834907531738, -5.269752502441406, -4.563499927520752]",150,-5.565250784158707,180,real,,,False,"[15, 22, 30, 38, 46, 54, 62, 70, 77, 85, 93, 101, 109, 117, 125, 133]",747e14ebe0109fff0790a9464b42c76a8ba20abf2490b3e188bd03a13dc6879e,MSVD,resize,fresh_real_04,240
0.0003831355187347692,fresh,,5.1513033942752464e-05,waverep,6.135120958992047,29.916666666666668,"[-7.493381977081299, -7.541528224945068, -7.494467735290527, -7.969696998596191, -7.695502281188965, -7.410643100738525, -8.110487937927246, -8.09011459350586, -8.287403106689453, -8.376936912536621, -7.889340400695801, -7.963321208953857, -7.830637454986572, -7.81648063659668, -7.907644271850586, -7.990230560302734]",150,-7.866738587617874,288,real,,,False,"[15, 22, 30, 38, 46, 54, 62, 70, 77, 85, 93, 101, 109, 117, 125, 133]",abaa092ed13c22059feaf9b0556e714d4300bc519f232578202939dfda8405e4,MSVD,crop,fresh_real_04,384
0.0059529619033758,fresh,,0.0013212128485431164,waverep,6.13790070801042,29.97002997002997,"[-5.423550605773926, -6.975353240966797, -6.893500804901123, -6.600160598754883, -4.799809455871582, -6.16987419128418, -4.983899116516113, -3.393115997314453, -4.661177635192871, -5.443566799163818, -4.628026962280273, -4.052633285522461, -4.3119001388549805, -4.400008201599121, -4.527227878570557, -4.622525215148926]",300,-5.117895632982254,360,real,,,False,"[90, 97, 105, 113, 121, 129, 137, 145, 152, 160, 168, 176, 184, 192, 200, 208]",cd91f6b8cb1b927827e8b5e413b2824af1db6210c5431ef61f057f65880fa0df,MSVD,original,fresh_real_05,480
0.004631749054832684,fresh,,0.0,waverep,6.095818041998427,29.97002997002997,"[-6.820536136627197, -6.015927314758301, -5.744826316833496, -6.573493957519531, -5.381094932556152, -5.621242046356201, -5.722665309906006, -4.4131646156311035, -4.976728439331055, -3.785522222518921, -4.616689205169678, -4.670080184936523, -4.924615859985352, -5.723782062530518, -4.701265335083008, -6.231217384338379]",300,-5.370178207755089,360,real,,,False,"[90, 97, 105, 113, 121, 129, 137, 145, 152, 160, 168, 176, 184, 192, 200, 208]",6f524a53571c9c105f58259c7f043ad795ff76d890a6f4825b83707ce23fc255,MSVD,encode_control,fresh_real_05,480
0.0030439874625044377,fresh,,-0.001587761592328246,waverep,6.074070959002711,29.97002997002997,"[-7.446096420288086, -5.044186592102051, -6.355871200561523, -3.715092420578003, -3.7052152156829834, -5.616464614868164, -5.619684219360352, -6.045156478881836, -5.849010467529297, -6.4045915603637695, -6.467702865600586, -6.817831039428711, -6.052407741546631, -5.596479415893555, -6.016208171844482, -5.912614822387695]",300,-5.791538327932358,360,real,,,False,"[90, 97, 105, 113, 121, 129, 137, 145, 152, 160, 168, 176, 184, 192, 200, 208]",63b92a10776b8e5ad2211efab10c6af7cf1e940c30506fdb2c1cf3fe93317c31,MSVD,compression,fresh_real_05,480
0.1489178356247033,fresh,,0.1442860865698706,waverep,6.090160499996273,29.97002997002997,"[-2.664963722229004, -2.5947301387786865, -2.0677037239074707, 0.1190621554851532, -2.1258273124694824, -1.8626468181610107, -1.5099549293518066, -1.1988654136657715, -1.6754016876220703, -1.2257940769195557, -2.0467944145202637, -1.3468871116638184, -2.1732687950134277, -1.9185726642608643, -1.589102864265442, -2.0083718299865723]",300,-1.7431139592081308,180,real,,,False,"[90, 97, 105, 113, 121, 129, 137, 145, 152, 160, 168, 176, 184, 192, 200, 208]",c507d12ecb56b4c16a4f6225017f7f40302e66bbc3384f9f77a87efe70d457f9,MSVD,resize,fresh_real_05,240
0.0029333677967502657,fresh,,-0.001698381258082418,waverep,6.1027510419953614,29.97002997002997,"[-5.990809440612793, -6.798259735107422, -5.965145111083984, -6.134112358093262, -5.851803779602051, -5.570162773132324, -5.281957626342773, -5.781585216522217, -5.939530849456787, -4.809026718139648, -5.667241096496582, -5.937073230743408, -5.611433982849121, -5.5185160636901855, -5.894172191619873, -6.5078325271606445]",300,-5.828666418790817,288,real,,,False,"[90, 97, 105, 113, 121, 129, 137, 145, 152, 160, 168, 176, 184, 192, 200, 208]",8684c0a06a5e35b8cd29db03a515b864a7c36e5762457c1e7cc2b29bc12eff68,MSVD,crop,fresh_real_05,384
0.8446883556891311,fresh,,0.07934732419109525,waverep,6.843962499988265,30.0,"[3.3199737071990967, 0.17041967809200287, 2.9202675819396973, 3.005523681640625, 3.1634106636047363, 4.0592241287231445, 3.476353883743286, 2.2861931324005127, 0.29876968264579773, -2.0083484649658203, 0.009634241461753845, 2.04402494430542, 2.1019206047058105, 1.3166172504425049, 0.7008638978004456, 0.23169606924057007]",150,1.693534042686224,720,ai,,,False,"[15, 22, 30, 38, 46, 54, 62, 70, 78, 86, 94, 102, 110, 118, 126, 134]",ef602b493294d4843ecdfd1a27c0224ad66354754c4c62f55bb500c9c3d5a613,Sora,original,fresh_sora_01,480
0.7653410314980359,fresh,,0.0,waverep,6.1662042920070235,30.0,"[2.6579227447509766, -0.12527185678482056, 3.7975590229034424, 4.390902519226074, 2.169680118560791, 2.927165985107422, 2.376619338989258, 0.9776721596717834, -2.702484607696533, -3.2573280334472656, -0.8630706071853638, 1.4266653060913086, 1.2744414806365967, 0.6311061382293701, 2.10726261138916, 1.1261699199676514]",150,1.1821882650256157,720,ai,,,False,"[15, 22, 30, 38, 46, 54, 62, 70, 78, 86, 94, 102, 110, 118, 126, 134]",cdcec785b5fef8d04617a80593ac5da053d47d6ec1f1db463bca6d639595bab8,Sora,encode_control,fresh_sora_01,480
0.0013686363698344995,fresh,,-0.7639723951282014,waverep,6.128627833008068,30.0,"[-4.768914222717285, -6.81027889251709, -6.314689636230469, -6.003180503845215, -6.6814374923706055, -7.201635360717773, -6.228560447692871, -7.3128581047058105, -6.653292179107666, -5.2727227210998535, -6.706050872802734, -5.355696678161621, -7.404024124145508, -6.77077579498291, -7.919864654541016, -8.07715129852295]",150,-6.592570811510086,720,ai,,,False,"[15, 22, 30, 38, 46, 54, 62, 70, 78, 86, 94, 102, 110, 118, 126, 134]",5536861dbb6b0db01df73ceaeb54bba733925104d7551353646b4a00eb1fe788,Sora,compression,fresh_sora_01,480
0.05690375511403267,fresh,,-0.7084372763840032,waverep,6.279782333993353,30.0,"[-2.2831029891967773, -2.5823280811309814, -0.9033201932907104, -2.9604036808013916, -2.2522177696228027, -3.058411121368408, -2.732607364654541, -1.2681596279144287, -2.2843546867370605, -4.117063522338867, -4.052377700805664, -3.5031967163085938, -2.9463586807250977, -4.036098480224609, -3.3013081550598145, -2.6436033248901367]",150,-2.807807005941868,360,ai,,,False,"[15, 22, 30, 38, 46, 54, 62, 70, 78, 86, 94, 102, 110, 118, 126, 134]",b35b99ded0c0b12fa15ad312ad509ba473d8fbec8d96d52ffa6de834caf0aa95,Sora,resize,fresh_sora_01,240
0.44928993170507614,fresh,,-0.31605109979295976,waverep,6.164395791012794,30.0,"[-0.8891357779502869, -2.536174774169922, 1.6992883682250977, 3.000178337097168, 0.847395122051239, 1.8145344257354736, 2.25921630859375, 1.5724385976791382, -1.9623534679412842, -4.6745452880859375, -2.341092109680176, 0.5889427661895752, 1.1611436605453491, -1.4606866836547852, -0.8969088792800903, -1.438881754875183]",150,-0.20354007184505463,576,ai,,,False,"[15, 22, 30, 38, 46, 54, 62, 70, 78, 86, 94, 102, 110, 118, 126, 134]",c4043338c1259d117143428fd0402ca1e5dd937c2f8923b6b3b338ec47386238,Sora,crop,fresh_sora_01,384
0.9588099806963605,fresh,,0.14102071694478968,waverep,6.26557437502197,30.0,"[-1.0929406881332397, 2.1017329692840576, 8.026169776916504, 4.5726118087768555, 4.482862949371338, 3.3127403259277344, 5.362059593200684, 5.846800804138184, 6.436573028564453, 4.050325870513916, 5.970656394958496, 6.006103992462158, 3.405343532562256, 0.7701392769813538, -3.596369743347168, -5.294858932495117]",150,3.147496934980154,720,ai,,,False,"[15, 22, 30, 38, 46, 54, 62, 70, 78, 86, 94, 102, 110, 118, 126, 134]",a78e1005d1e35723959cfdbd6446c827749b0da5c1c4ce83d40c910e31a8d2ce,Sora,original,fresh_sora_02,480
0.8177892637515708,fresh,,0.0,waverep,6.351262667012634,30.0,"[1.1218215227127075, 1.7426130771636963, 5.604623794555664, 3.103398323059082, 4.18906831741333, 2.0558724403381348, 0.12023031711578369, 1.8299522399902344, 2.5983853340148926, 0.10847294330596924, 4.341561317443848, 3.352297782897949, 3.201820135116577, -1.5326292514801025, -4.5524702072143555, -3.261965751647949]",150,1.5014407709240913,720,ai,,,False,"[15, 22, 30, 38, 46, 54, 62, 70, 78, 86, 94, 102, 110, 118, 126, 134]",5e344a2f79f322cf098a12ac4bf2931341919d7d310c7cb571cdd46df31459f8,Sora,encode_control,fresh_sora_02,480
0.00026602753934606337,fresh,,-0.8175232362122248,waverep,6.0951762910117395,30.0,"[-7.8382086753845215, -7.951484680175781, -8.024519920349121, -7.885842323303223, -7.845210075378418, -9.34864616394043, -7.882843971252441, -6.607553005218506, -8.934611320495605, -8.730792999267578, -8.840133666992188, -9.216909408569336, -8.193918228149414, -8.417076110839844, -8.834711074829102, -7.153852939605713]",150,-8.231644660234451,720,ai,,,False,"[15, 22, 30, 38, 46, 54, 62, 70, 78, 86, 94, 102, 110, 118, 126, 134]",72df47e804b985177dab0dea67eef1a2910b96511e511138d0b47e544019342b,Sora,compression,fresh_sora_02,480
0.09163619273148164,fresh,,-0.7261530710200892,waverep,6.7578818750043865,30.0,"[-3.4059293270111084, -2.4951772689819336, -2.888373374938965, -3.0730953216552734, -0.4426371455192566, -0.7883732318878174, -2.775865077972412, -1.0069013833999634, -1.0523467063903809, -2.3905506134033203, -2.0886270999908447, -3.3741648197174072, -3.033604383468628, -1.7959403991699219, -3.0263805389404297, -3.063131809234619]",150,-2.2938186563551426,360,ai,,,False,"[15, 22, 30, 38, 46, 54, 62, 70, 78, 86, 94, 102, 110, 118, 126, 134]",035709b2f7344c2bbeeffed09691059b1235263631e362b2cede419497a541a4,Sora,resize,fresh_sora_02,240
0.7519095534717637,fresh,,-0.0658797102798071,waverep,6.378336291003507,30.0,"[-2.4879064559936523, -2.0752835273742676, 4.344086647033691, 4.907304763793945, 2.5554020404815674, 3.08203125, 2.263359308242798, 1.1666338443756104, 4.835790634155273, 2.5708889961242676, 1.9083703756332397, 3.824932098388672, 1.6316226720809937, -1.2233598232269287, -4.751149654388428, -4.81156063079834]",150,1.1088226586580276,576,ai,,,False,"[15, 22, 30, 38, 46, 54, 62, 70, 78, 86, 94, 102, 110, 118, 126, 134]",5050341dd90d22788a494673cff954aae914534ea5dbe5930b0ed831f0504127,Sora,crop,fresh_sora_02,384
0.5183780602168773,fresh,,0.3874430268274467,waverep,6.371675500005949,30.0,"[1.32017183303833, 0.20334230363368988, -0.4303432106971741, 0.08305498957633972, -0.5658596754074097, -1.8469135761260986, 0.44928115606307983, 1.6370439529418945, 3.8296895027160645, 1.6293219327926636, -0.33714208006858826, -1.255049705505371, -1.6434452533721924, -2.266238212585449, 1.3319876194000244, -0.9621756076812744]",150,0.07354537304490805,480,ai,,,False,"[15, 22, 30, 38, 46, 54, 62, 70, 78, 86, 94, 102, 110, 118, 126, 134]",0f5a6a04a8bbfc6151c9dd4ed0e41b942ecdbadc52dcc632b4a1a493b98e6566,Sora,original,fresh_sora_03,854
0.13093503338943055,fresh,,0.0,waverep,6.167727791995276,30.0,"[-0.5202264189720154, 0.39731934666633606, -2.263341188430786, -2.077116012573242, -1.8809969425201416, -3.0251803398132324, -1.3357276916503906, -1.3934520483016968, -0.6737781763076782, -2.2112841606140137, -2.42043399810791, -2.8136963844299316, -3.294853448867798, -2.3383169174194336, -1.7708852291107178, -2.661496162414551]",150,-1.8927166108042002,480,ai,,,False,"[15, 22, 30, 38, 46, 54, 62, 70, 78, 86, 94, 102, 110, 118, 126, 134]",966ef06d60e78dd2c481b99d2ce68aadf7bf6107ea2ee73c7055f91426e33c5f,Sora,encode_control,fresh_sora_03,854
0.0008584411705095256,fresh,,-0.130076592218921,waverep,6.217855791997863,30.0,"[-5.969484329223633, -6.315383434295654, -7.538971900939941, -7.325439929962158, -7.49135160446167, -7.45769739151001, -7.958364486694336, -7.317516326904297, -7.167176246643066, -6.718169212341309, -7.857586860656738, -7.118464469909668, -6.910512924194336, -6.806503772735596, -6.420851707458496, -6.5790629386901855]",150,-7.059533596038818,480,ai,,,False,"[15, 22, 30, 38, 46, 54, 62, 70, 78, 86, 94, 102, 110, 118, 126, 134]",d3274fb66353a6be4480b557fedb9833ddd9d8ef467caed47c6f2e56e3f5b9ff,Sora,compression,fresh_sora_03,854
0.11395224065599201,fresh,,-0.016982792733438543,waverep,6.0606422499986365,30.0,"[-3.0279672145843506, -1.5205790996551514, -1.3334101438522339, -2.9473633766174316, -0.5047521591186523, -1.498384714126587, -3.464890480041504, -0.8130751848220825, 0.35447996854782104, -1.7577372789382935, -2.9981751441955566, -3.3105828762054443, -2.759382486343384, -1.9308768510818481, -2.0944128036499023, -3.2087531089782715]",150,-2.0509914346039295,240,ai,,,False,"[15, 22, 30, 38, 46, 54, 62, 70, 78, 86, 94, 102, 110, 118, 126, 134]",5316b5d10d8a2d67900151f091785fa18d25a14e525c89363c8c446bf2597719,Sora,resize,fresh_sora_03,426
0.09281653715630732,fresh,,-0.03811849623312323,waverep,6.165625708003063,30.0,"[-0.9846863746643066, -2.6245791912078857, -1.2829991579055786, -0.3617340922355652, -2.1880111694335938, -3.7972412109375, -2.8465576171875, -1.012404441833496, -0.5748004913330078, -1.9106857776641846, -2.6652064323425293, -2.94046688079834, -4.495887279510498, -3.4708926677703857, -1.8190162181854248, -3.5003490447998047]",150,-2.2797198779881,384,ai,,,False,"[15, 22, 30, 38, 46, 54, 62, 70, 78, 86, 94, 102, 110, 118, 126, 134]",c1d10742e94e97729aa91855256a99dc03339f62c6234879ae628ca8561f0efc,Sora,crop,fresh_sora_03,682
0.995671672467515,fresh,,0.009637393864829646,waverep,6.326986083004158,24.0,"[4.82167387008667, 6.660111904144287, 3.645829677581787, 4.505603313446045, 6.289073944091797, 6.344076633453369, 6.4670538902282715, 3.8906514644622803, 5.783920764923096, 5.843009948730469, 3.9604616165161133, 4.326183319091797, 4.6084113121032715, 6.809736728668213, 6.29893684387207, 6.757046222686768]",192,5.438236340880394,720,ai,,,False,"[48, 54, 60, 67, 73, 79, 86, 92, 98, 105, 111, 117, 124, 130, 136, 143]",60e387d2463b0e1bdd0bdde6f8c5dd736c4f614d7c28875a5ad7ca149eb14910,VEO3,original,fresh_veo_01,1280
0.9860342786026853,fresh,,0.0,waverep,6.078855957981432,24.0,"[2.199462890625, 4.283693313598633, 2.4424827098846436, 2.2548179626464844, 4.573513031005859, 6.311375141143799, 5.1992292404174805, 3.8286616802215576, 4.5508575439453125, 5.005258083343506, 3.064084053039551, 2.655290126800537, 5.575800895690918, 5.269268989562988, 5.2700958251953125, 5.629472732543945]",192,4.2570852637290955,720,ai,,,False,"[48, 54, 60, 67, 73, 79, 86, 92, 98, 105, 111, 117, 124, 130, 136, 143]",15e1f889cb7af65d9eb7739fd8498a0119b8930ed9861c218b8ba1ee48f3ed2b,VEO3,encode_control,fresh_veo_01,1280
0.004265235802588245,fresh,,-0.9817690428000971,waverep,6.229264291992877,24.0,"[-6.990213871002197, -6.773619174957275, -6.519887924194336, -6.031752109527588, -5.070034027099609, -4.141883850097656, -3.3318674564361572, -3.50877046585083, -5.3531036376953125, -5.251045227050781, -6.325228691101074, -5.335148811340332, -5.721514701843262, -6.433676242828369, -5.929380893707275, -4.530608177185059]",192,-5.45298345386982,720,ai,,,False,"[48, 54, 60, 67, 73, 79, 86, 92, 98, 105, 111, 117, 124, 130, 136, 143]",cb99f0cedaece092ce478ff5b6437e047bf67fe0b57dc51c5bdcc1660f1aac2f,VEO3,compression,fresh_veo_01,1280
0.7543398365163348,fresh,,-0.23169444208635048,waverep,6.1443362920254,24.0,"[1.046114444732666, 0.7722586393356323, 0.848808765411377, 0.8641756772994995, 0.40162771940231323, 3.253502607345581, 0.9996927380561829, 1.3621553182601929, 1.363891839981079, 1.9111827611923218, 2.009279727935791, 0.46613869071006775, 0.7137305736541748, 1.311089277267456, 0.4148254096508026, 0.211827352643013]",192,1.1218938464298844,360,ai,,,False,"[48, 54, 60, 67, 73, 79, 86, 92, 98, 105, 111, 117, 124, 130, 136, 143]",00a8a405aa93d6564407b0a3ac73c1608670a09ee3de7ddd47722360603c3a07,VEO3,resize,fresh_veo_01,640
0.9639633552267971,fresh,,-0.02207092337588823,waverep,6.532326249987818,24.0,"[2.163360834121704, 4.830369472503662, 1.7182812690734863, 4.140094757080078, 3.2650246620178223, 5.755795478820801, 4.439711570739746, 0.9766660928726196, 1.914894461631775, 3.2871475219726562, 2.774533271789551, 3.2218222618103027, 3.059974193572998, 2.776052951812744, 3.56917667388916, 4.691365718841553]",192,3.286516949534416,576,ai,,,False,"[48, 54, 60, 67, 73, 79, 86, 92, 98, 105, 111, 117, 124, 130, 136, 143]",a199ba46619cc1711c9695212bda85a7bfe730a93083c836597bd3c3654e1db0,VEO3,crop,fresh_veo_01,1024
0.9998400419077396,fresh,,0.0001072633831266101,waverep,6.618343833019026,24.0,"[9.805957794189453, 9.304460525512695, 9.09219741821289, 9.0850830078125, 8.84779167175293, 9.110249519348145, 7.728257179260254, 6.721396446228027, 7.674604892730713, 8.16648006439209, 8.85338306427002, 9.092098236083984, 9.070520401000977, 8.72547721862793, 9.157175064086914, 9.411887168884277]",192,8.740438729524612,720,ai,,,False,"[48, 54, 60, 67, 73, 79, 86, 92, 98, 105, 111, 117, 124, 130, 136, 143]",c890d6f7c952768ac983efda664cd51bbb98ddceed1bda53729e0d9d90daa373,VEO3,original,fresh_veo_02,1280
0.999732778524613,fresh,,0.0,waverep,6.253568667016225,24.0,"[10.015739440917969, 9.480573654174805, 9.0626859664917, 8.535579681396484, 9.16071891784668, 8.486496925354004, 8.146717071533203, 6.359894752502441, 5.417960166931152, 7.808783054351807, 7.910545825958252, 8.322099685668945, 9.101806640625, 6.754605770111084, 8.838048934936523, 8.232391357421875]",192,8.22716549038887,720,ai,,,False,"[48, 54, 60, 67, 73, 79, 86, 92, 98, 105, 111, 117, 124, 130, 136, 143]",02805bc9a1aec42f1ae2daaebec10de7a892a12870a5c64198d230ff796bb775,VEO3,encode_control,fresh_veo_02,1280
0.906489399463153,fresh,,-0.09324337906145996,waverep,6.191137042012997,24.0,"[5.177377700805664, 5.760288715362549, 6.881882667541504, 2.068983793258667, 3.949108123779297, 1.1339516639709473, 0.9077918529510498, 1.6005256175994873, 3.2426350116729736, 2.530064582824707, -1.3931976556777954, 0.9374411106109619, 4.580562591552734, 2.205552101135254, 0.11756806075572968, -3.3564634323120117]",192,2.2715045316144824,720,ai,,,False,"[48, 54, 60, 67, 73, 79, 86, 92, 98, 105, 111, 117, 124, 130, 136, 143]",a3585970020d6e48628e827df2f843a1ef144199024c2a5ca370a18db15a7fca,VEO3,compression,fresh_veo_02,1280
0.9921783963043052,fresh,,-0.007554382220307798,waverep,6.163988167012576,24.0,"[8.174776077270508, 8.315473556518555, 6.195718765258789, 4.174713611602783, 6.510239601135254, 4.18865966796875, 4.338233947753906, 3.98651123046875, 3.9834342002868652, 4.2294111251831055, 3.792524576187134, 4.839496612548828, 3.22129487991333, 3.534806728363037, 3.7751410007476807, 4.227777481079102]",192,4.843013316392899,360,ai,,,False,"[48, 54, 60, 67, 73, 79, 86, 92, 98, 105, 111, 117, 124, 130, 136, 143]",fab5b073e9b3e04aebf6ff973cadd69307286de1dee757f846dd06315e76587c,VEO3,resize,fresh_veo_02,640
0.999714603554224,fresh,,-1.81749703889178e-05,waverep,6.746309458016185,24.0,"[9.99916934967041, 9.409997940063477, 8.312009811401367, 8.270181655883789, 8.383729934692383, 7.7719316482543945, 7.712435722351074, 6.471529960632324, 6.657045841217041, 6.313941955566406, 8.691808700561523, 8.671732902526855, 9.503786087036133, 8.078847885131836, 8.28499984741211, 8.048384666442871]",192,8.16134586930275,576,ai,,,False,"[48, 54, 60, 67, 73, 79, 86, 92, 98, 105, 111, 117, 124, 130, 136, 143]",757cfedc9b0bf6e047dc0ced8e25d4c24c865c6c1608635ed41170357a9d586e,VEO3,crop,fresh_veo_02,1024
0.9664109945297241,previous,0.9999066591262817,-0.014716863632202148,aegis,2.3897821250138804,29.916666666666668,,300,3.359391212463379,360,real,0.6360139846801758,0.7995399832725525,True,"[90, 97, 105, 113, 121, 129, 137, 145, 152, 160, 168, 176, 184, 192, 200, 208]",ffa148e164ea0fd89ce3d6e3125dce4fe4a54f92f7ee5334e8759d2e24cca1b9,MSVD,original,real_01,480
0.9811278581619263,previous,0.999915361404419,0.0,aegis,2.2423675830068532,29.916666666666668,,300,3.9510183334350586,360,real,0.6137451529502869,0.9169614315032959,True,"[90, 97, 105, 113, 121, 129, 137, 145, 152, 160, 168, 176, 184, 192, 200, 208]",4bd318b39a8d96dc0a59a90af263ea5a01e12dccf99fc1ef97e9cc42e8744cb8,MSVD,encode_control,real_01,480
0.02379401959478855,previous,0.759316086769104,-0.9573338385671377,aegis,2.2943150420032907,29.916666666666668,,300,-3.7142393589019775,360,real,0.42765167355537415,0.0024229460395872593,True,"[90, 97, 105, 113, 121, 129, 137, 145, 152, 160, 168, 176, 184, 192, 200, 208]",6998aa9123c7bb2c942e4abd27f2b8b622342ede205945b515f8f8413dda234a,MSVD,compression,real_01,480
0.9999830722808838,previous,,0.01885521411895752,aegis,2.036078625009395,29.916666666666668,,300,,180,real,,,True,"[90, 97, 105, 113, 121, 129, 137, 145, 152, 160, 168, 176, 184, 192, 200, 208]",3e6c804edaff3a6846185ad6703c46b436e601852d81714b6efa8d03115db844,MSVD,resize,real_01,240
0.9074870347976685,previous,,-0.07364082336425781,aegis,2.08892566699069,29.916666666666668,,300,,288,real,,,True,"[90, 97, 105, 113, 121, 129, 137, 145, 152, 160, 168, 176, 184, 192, 200, 208]",adb07722d9e210c429901b9264e6bd016b4c290de7a57010ca29d034eb730eb0,MSVD,crop,real_01,384
0.9823082685470581,previous,0.9998971223831177,0.001180410385131836,aegis,2.2619545419875067,29.916666666666668,,300,4.016808986663818,360,real,0.6466955542564392,0.9075163006782532,True,"[90, 97, 105, 113, 121, 129, 137, 145, 152, 160, 168, 176, 184, 192, 200, 208]",3b8cb0796cc1881bb4a5deb529dcb8c69a8a677ddc1d84d02735d2fd74d62fe4,MSVD,crf_23,real_01,480
0.9811758399009705,previous,0.9998992681503296,4.798173904418945e-05,aegis,2.1824666669999715,29.916666666666668,,300,3.9536075592041016,360,real,0.5941941142082214,0.9257071018218994,True,"[90, 97, 105, 113, 121, 129, 137, 145, 152, 160, 168, 176, 184, 192, 200, 208]",e63c84858c523a09141da07feb1ab9340f52639f54c53c16ae02f25b7a7900ee,MSVD,crf_28,real_01,480
0.6658079624176025,previous,0.9989197254180908,-0.31531989574432373,aegis,2.2241017909836955,29.916666666666668,,300,0.6892856359481812,360,real,0.6573771238327026,0.10237109661102295,True,"[90, 97, 105, 113, 121, 129, 137, 145, 152, 160, 168, 176, 184, 192, 200, 208]",c76b3ef723450f69ad96f369b770a415100a892a9c0ed4860d4905336c80f12f,MSVD,crf_32,real_01,480
0.00013109816063661128,previous,,1.1201336747035384e-06,aegis,2.000641374994302,15.0,,46,,240,real,,,True,"[0, 3, 6, 9, 12, 15, 18, 21, 24, 27, 30, 33, 36, 39, 42, 45]",62bd921e11ee2911c2307f179ec2269d97d6258298b9e9a6e1da9f18b603fe30,MSVD,original,real_02,320
0.00012997802696190774,previous,,0.0,aegis,3.143231541995192,15.0,,46,,240,real,,,True,"[0, 3, 6, 9, 12, 15, 18, 21, 24, 27, 30, 33, 36, 39, 42, 45]",26dfb7a30b347edcc6e64015492d4cefb5036e225342e9242c9272320845a13d,MSVD,encode_control,real_02,320
0.00020137958927080035,previous,,7.140156230889261e-05,aegis,2.2094090830069035,15.0,,46,,240,real,,,True,"[0, 3, 6, 9, 12, 15, 18, 21, 24, 27, 30, 33, 36, 39, 42, 45]",02cec6a21485863dc80c56ee6a0ac1aa183c977f1b84ac44a6fe18ec28a62db8,MSVD,compression,real_02,320
0.0001642191200517118,previous,,3.424109308980405e-05,aegis,2.1945858749968465,15.0,,46,,120,real,,,True,"[0, 3, 6, 9, 12, 15, 18, 21, 24, 27, 30, 33, 36, 39, 42, 45]",65b0192809a20ac33704cae496da6cefdb099dc15130a6b1eaa5cbd8d63b582f,MSVD,resize,real_02,160
0.00021092247334308922,previous,,8.094444638118148e-05,aegis,2.4656739170022774,15.0,,46,,192,real,,,True,"[0, 3, 6, 9, 12, 15, 18, 21, 24, 27, 30, 33, 36, 39, 42, 45]",98f1194c5341765dc5130164a2955cc6f91aacf9c990c2566e533efd98d42e01,MSVD,crop,real_02,256
0.001133314217440784,previous,,-0.0003296585055068135,aegis,2.6418680409842636,29.916666666666668,,120,,480,real,,,True,"[0, 7, 15, 23, 31, 39, 47, 55, 62, 70, 78, 86, 94, 102, 110, 118]",d5e4ff595400a1645a25678ea9a4949bf5a0c3c1b06b8bdc707ef8b5d9d44ef2,MSVD,original,real_03,854
0.0014629727229475975,previous,,0.0,aegis,2.586993708013324,29.916666666666668,,120,,480,real,,,True,"[0, 7, 15, 23, 31, 39, 47, 55, 62, 70, 78, 86, 94, 102, 110, 118]",16f12081ee75f0ad1d2b396afbcfb06680c7055847a4f71d670cc876faf775ff,MSVD,encode_control,real_03,854
0.00037766224704682827,previous,,-0.0010853104759007692,aegis,2.5618328750133514,29.916666666666668,,120,,480,real,,,True,"[0, 7, 15, 23, 31, 39, 47, 55, 62, 70, 78, 86, 94, 102, 110, 118]",49ab08dcad775698315882d5aacfdad110e46094b4f3929b763edbddf3697bc8,MSVD,compression,real_03,854
0.0011966326273977757,previous,,-0.00026634009554982185,aegis,2.1602118750161026,29.916666666666668,,120,,240,real,,,True,"[0, 7, 15, 23, 31, 39, 47, 55, 62, 70, 78, 86, 94, 102, 110, 118]",9c0674946fe38289eab771b4687d36936b039321c0d65c03eb975eca906e650e,MSVD,resize,real_03,426
0.0014256631257012486,previous,,-3.730959724634886e-05,aegis,3.2008274999971036,29.916666666666668,,120,,384,real,,,True,"[0, 7, 15, 23, 31, 39, 47, 55, 62, 70, 78, 86, 94, 102, 110, 118]",da9400e3113a522a4bf9e689f562aea2f719fe0f1bf58d7b4efbc269e259c4cf,MSVD,crop,real_03,682
0.0001739847066346556,previous,,1.4152203220874071e-05,aegis,2.5359393329999875,59.94005994005994,,300,,360,real,,,True,"[30, 45, 61, 77, 93, 109, 125, 141, 156, 172, 188, 204, 220, 236, 252, 268]",faf9f4ea736c42169900a022287dd4f24aaf0947a0b49661915b58fb8d21b179,MSVD,original,real_04,640
0.00015983250341378152,previous,,0.0,aegis,2.454429583012825,59.94005994005994,,300,,360,real,,,True,"[30, 45, 61, 77, 93, 109, 125, 141, 156, 172, 188, 204, 220, 236, 252, 268]",e951b97e00f3ea25179ea1a422a580871acde0feb4ba2639f1f1eea0b371f120,MSVD,encode_control,real_04,640
0.00010533611930441111,previous,,-5.449638410937041e-05,aegis,2.3896400410158094,59.94005994005994,,300,,360,real,,,True,"[30, 45, 61, 77, 93, 109, 125, 141, 156, 172, 188, 204, 220, 236, 252, 268]",4cc89214b749e3be99df88799c429b77adb7bb8122fc6c043c228ea63399b0df,MSVD,compression,real_04,640
0.00031755390227772295,previous,,0.00015772139886394143,aegis,2.140138750022743,59.94005994005994,,300,,180,real,,,True,"[30, 45, 61, 77, 93, 109, 125, 141, 156, 172, 188, 204, 220, 236, 252, 268]",1040dde03c95f3c12c14e947d4225edc36a733da493cf046540449ef82cfb547,MSVD,resize,real_04,320
0.00032192294020205736,previous,,0.00016209043678827584,aegis,2.2469311660097446,59.94005994005994,,300,,288,real,,,True,"[30, 45, 61, 77, 93, 109, 125, 141, 156, 172, 188, 204, 220, 236, 252, 268]",907954f228b6ae2deb20b8d921cd159a1c0bcf45f2244095e1ffeadc790261e4,MSVD,crop,real_04,512
0.00011630397784756497,previous,,-1.2003583833575249e-06,aegis,2.1962794169958215,59.94005994005994,,360,,226,real,,,True,"[60, 75, 91, 107, 123, 139, 155, 171, 186, 202, 218, 234, 250, 266, 282, 298]",0c7fa85c5e697154b2bcfd0e2f5294e229d120d2b3228fb1449316d54df3555b,MSVD,original,real_05,400
0.00011750433623092249,previous,,0.0,aegis,2.1327434169943444,59.94005994005994,,360,,226,real,,,True,"[60, 75, 91, 107, 123, 139, 155, 171, 186, 202, 218, 234, 250, 266, 282, 298]",7888815ed7c128ebcd629e091641ef65a516c1b587eca78cc2662b701672dad2,MSVD,encode_control,real_05,400
0.00011917883239220828,previous,,1.6744961612857878e-06,aegis,2.1538779999827966,59.94005994005994,,360,,226,real,,,True,"[60, 75, 91, 107, 123, 139, 155, 171, 186, 202, 218, 234, 250, 266, 282, 298]",f5633f5b1d30132b6656c67252a41537cd81761a90785e8c34af786ba20a1bfa,MSVD,compression,real_05,400
8.879240340320393e-05,previous,,-2.8711932827718556e-05,aegis,2.3182257500011474,59.94005994005994,,360,,112,real,,,True,"[60, 75, 91, 107, 123, 139, 155, 171, 186, 202, 218, 234, 250, 266, 282, 298]",5ed8c8d96dc75171691e121987cb1e4ac9578f1c4dbff7ba9e624cda7d569754,MSVD,resize,real_05,200
7.407913653878495e-05,previous,,-4.342519969213754e-05,aegis,2.106453790998785,59.94005994005994,,360,,180,real,,,True,"[60, 75, 91, 107, 123, 139, 155, 171, 186, 202, 218, 234, 250, 266, 282, 298]",4571e903ec9151f384a460e7a1923b5776247a1e7e0e3d2e6aec774a572a33f1,MSVD,crop,real_05,320
0.0004064450622536242,previous,,1.261214492842555e-06,aegis,2.200124708993826,30.0,,181,,300,real,,,True,"[30, 37, 45, 53, 61, 69, 77, 85, 93, 101, 109, 117, 125, 133, 141, 149]",a83a39d948f44905510be3253ea1985900cdf5cbb5a3ef583a254d4333bcfb90,MSVD,original,real_06,400
0.00040518384776078165,previous,,0.0,aegis,2.198666582989972,30.0,,181,,300,real,,,True,"[30, 37, 45, 53, 61, 69, 77, 85, 93, 101, 109, 117, 125, 133, 141, 149]",5ffe0e48e42a92681913d1eea4bd1bc6de5b5eddfa22cbc7e2a48a197b9e175b,MSVD,encode_control,real_06,400
0.0005400488735176623,previous,,0.00013486502575688064,aegis,2.1663977499993052,30.0,,181,,300,real,,,True,"[30, 37, 45, 53, 61, 69, 77, 85, 93, 101, 109, 117, 125, 133, 141, 149]",dd536ea27dde94832356c2f3e3f5fbae7ed0856387c0d5ed4d1aa5556310543f,MSVD,compression,real_06,400
0.004543639253824949,previous,,0.004138455406064168,aegis,2.041108917008387,30.0,,181,,150,real,,,True,"[30, 37, 45, 53, 61, 69, 77, 85, 93, 101, 109, 117, 125, 133, 141, 149]",8ddead2c343d77f1586002054e0a23ac1d13f5d3d5ae8e7ea5c670b29c27361b,MSVD,resize,real_06,200
0.00018779098172672093,previous,,-0.00021739286603406072,aegis,2.1169835409964435,30.0,,181,,240,real,,,True,"[30, 37, 45, 53, 61, 69, 77, 85, 93, 101, 109, 117, 125, 133, 141, 149]",0784caf9b68fd2fc027d51c8c419b1ff8431f0d051d39cdc6d4a0bab51e2a4d7,MSVD,crop,real_06,320
0.00011165361502207816,previous,,-1.6829289961606264e-08,aegis,2.1400627919938415,25.0,,276,,240,real,,,True,"[88, 94, 101, 107, 114, 121, 127, 134, 140, 147, 154, 160, 167, 173, 180, 187]",4f88da87b2ed2a11d15807f9eb4d75b04aed256d45c350ad86f3f4cbc07e5fdd,MSVD,original,real_07,320
0.00011167044431203976,previous,,0.0,aegis,2.0983902080042753,25.0,,276,,240,real,,,True,"[88, 94, 101, 107, 114, 121, 127, 134, 140, 147, 154, 160, 167, 173, 180, 187]",d16f6ef8c182c324fd66e2b707c1657456784a78bf850155fda7b5e735ff27f6,MSVD,encode_control,real_07,320
0.00011717102461261675,previous,,5.500580300576985e-06,aegis,2.095072458003415,25.0,,276,,240,real,,,True,"[88, 94, 101, 107, 114, 121, 127, 134, 140, 147, 154, 160, 167, 173, 180, 187]",38d208d3eb29220950b545173533959dcbbe5668e050c0a4473e5b2d8aaae096,MSVD,compression,real_07,320
0.00011400871881050989,previous,,2.3382744984701276e-06,aegis,2.014047416014364,25.0,,276,,120,real,,,True,"[88, 94, 101, 107, 114, 121, 127, 134, 140, 147, 154, 160, 167, 173, 180, 187]",9cb3ccf4a6aebb5d19521752a5f1b9398ceb2112759f7be768f6999054eb6ba4,MSVD,resize,real_07,160
0.00013885865337215364,previous,,2.7188209060113877e-05,aegis,2.093316082988167,25.0,,276,,192,real,,,True,"[88, 94, 101, 107, 114, 121, 127, 134, 140, 147, 154, 160, 167, 173, 180, 187]",4a6dc29424a686e7bb211f8395e1f990cbe27ac45f0f1fabcb547d27c79dfce6,MSVD,crop,real_07,256
0.0030900740530341864,previous,0.0013176397187635303,8.393102325499058e-05,aegis,1.9949674159870483,14.985014985014985,,225,-5.77646541595459,240,real,0.9802443981170654,0.0001459440973121673,True,"[83, 86, 90, 94, 98, 102, 106, 110, 113, 117, 121, 125, 129, 133, 137, 141]",d054ab4045b4ec49f3e830872488a1a24ddde337b910edd7b06c21eca5dc2791,MSVD,original,real_08,320
0.003006143029779196,previous,0.0012983271153643727,0.0,aegis,2.0293496669910382,14.985014985014985,,225,-5.804086685180664,240,real,0.9812794923782349,0.0001376668515149504,True,"[83, 86, 90, 94, 98, 102, 106, 110, 113, 117, 121, 125, 129, 133, 137, 141]",0d77c411d0fece9aa6c1a6e52d9edee1f05cabc5e9943397c71f4271b2f7a540,MSVD,encode_control,real_08,320
0.008092306554317474,previous,0.0015599814942106605,0.005086163524538279,aegis,2.0362071249983273,14.985014985014985,,225,-4.808716297149658,240,real,0.9819225072860718,0.0003557099844329059,True,"[83, 86, 90, 94, 98, 102, 106, 110, 113, 117, 121, 125, 129, 133, 137, 141]",20ee3434722c1230104a629c1d3f4072819e931b42f17b053ca78504a7753bd1,MSVD,compression,real_08,320
0.07508576661348343,previous,,0.07207962358370423,aegis,2.0135116250021383,14.985014985014985,,225,,120,real,,,True,"[83, 86, 90, 94, 98, 102, 106, 110, 113, 117, 121, 125, 129, 133, 137, 141]",771f7399b3fcf4eeeee836ea5f5000cc8ffb52f5a8ae1c5b65c18f8d03d56677,MSVD,resize,real_08,160
0.024164659902453423,previous,,0.021158516872674227,aegis,2.0788677080126945,14.985014985014985,,225,,192,real,,,True,"[83, 86, 90, 94, 98, 102, 106, 110, 113, 117, 121, 125, 129, 133, 137, 141]",cc832ece9371148cbab88ed0e4925fd93294dbb8ee0988eff202a0114945fdd8,MSVD,crop,real_08,256
0.002450055442750454,previous,0.0011714017018675804,-0.0005560875870287418,aegis,2.0950039159797598,14.985014985014985,,225,-6.009191513061523,240,real,0.9809624552726746,0.000125673454022035,True,"[83, 86, 90, 94, 98, 102, 106, 110, 113, 117, 121, 125, 129, 133, 137, 141]",cea65b3b66b0d7deb4d832ad84518b06488eb19986f31fcf000e8aa9c0da88e7,MSVD,crf_23,real_08,320
0.005894269794225693,previous,0.0018487260676920414,0.002888126764446497,aegis,1.986073333013337,14.985014985014985,,225,-5.127862930297852,240,real,0.9814481139183044,0.00024330336600542068,True,"[83, 86, 90, 94, 98, 102, 106, 110, 113, 117, 121, 125, 129, 133, 137, 141]",ccd0bed37fa93fed255caeb90fbb0f324c72bf5492df0439c7b8642c9b5d2d70,MSVD,crf_28,real_08,320
0.014501957222819328,previous,0.0019617213401943445,0.011495814193040133,aegis,2.0854865000001155,14.985014985014985,,225,-4.218863487243652,240,real,0.9795488119125366,0.0005281160701997578,True,"[83, 86, 90, 94, 98, 102, 106, 110, 113, 117, 121, 125, 129, 133, 137, 141]",6994ce384246dac6135739bca495d5cbbc21049899d6845c39110c19e0eb1a3a,MSVD,crf_32,real_08,320
0.00018360433750785887,previous,,-1.907472324091941e-05,aegis,2.1214391670073383,29.97002997002997,,300,,240,real,,,True,"[90, 97, 105, 113, 121, 129, 137, 145, 152, 160, 168, 176, 184, 192, 200, 208]",b8a15347a7c4fbc51911b6c3623ffbee5d2d59ce10db8b10b330dca09430c248,MSVD,original,real_09,320
0.00020267906074877828,previous,,0.0,aegis,2.093390291003743,29.97002997002997,,300,,240,real,,,True,"[90, 97, 105, 113, 121, 129, 137, 145, 152, 160, 168, 176, 184, 192, 200, 208]",410548f1360dc6588dfb436def1a01ba83fff41b53214fb0c152ef42a0ca974a,MSVD,encode_control,real_09,320
0.00020919540838804096,previous,,6.516347639262676e-06,aegis,2.1269353330135345,29.97002997002997,,300,,240,real,,,True,"[90, 97, 105, 113, 121, 129, 137, 145, 152, 160, 168, 176, 184, 192, 200, 208]",ae9c8443eaef8c8c6585c079ce82f2419f0deb5d2ff9e2b805b96a483761a344,MSVD,compression,real_09,320
0.000496570544783026,previous,,0.0002938914840342477,aegis,2.0348204580077436,29.97002997002997,,300,,120,real,,,True,"[90, 97, 105, 113, 121, 129, 137, 145, 152, 160, 168, 176, 184, 192, 200, 208]",e5ad459b2c52879f880944daa8eddeabeea51db6a63e3fe40de94c7175c8bc97,MSVD,resize,real_09,160
0.0001891996944323182,previous,,-1.3479366316460073e-05,aegis,2.0965609590057284,29.97002997002997,,300,,192,real,,,True,"[90, 97, 105, 113, 121, 129, 137, 145, 152, 160, 168, 176, 184, 192, 200, 208]",3c3b99447f75ca1e316cc20a315606edaa28ff6ec69fd248e5d74fe8dc8848f4,MSVD,crop,real_09,256
7.048444240354002e-05,previous,,2.2819513105787337e-06,aegis,2.074864708003588,29.97002997002997,,120,,240,real,,,True,"[0, 7, 15, 23, 31, 39, 47, 55, 62, 70, 78, 86, 94, 102, 110, 118]",8388cee485a708846bfc96a812595cbb23349f99baeded7f023f9a1454fb278d,MSVD,original,real_10,320
6.820249109296128e-05,previous,,0.0,aegis,2.1180501659982838,29.97002997002997,,120,,240,real,,,True,"[0, 7, 15, 23, 31, 39, 47, 55, 62, 70, 78, 86, 94, 102, 110, 118]",c24a1063c9c810f411fa7e8789970e3bbf2addfbd5be0e82a4257fa6448182c7,MSVD,encode_control,real_10,320
8.914474892662838e-05,previous,,2.09422578336671e-05,aegis,2.0459732089948375,29.97002997002997,,120,,240,real,,,True,"[0, 7, 15, 23, 31, 39, 47, 55, 62, 70, 78, 86, 94, 102, 110, 118]",cefdf0170b06939cec3ae2184a6553909756dfa6d1f94c0786513d5c2b40910b,MSVD,compression,real_10,320
0.00010020256013376638,previous,,3.20000690408051e-05,aegis,2.011675624991767,29.97002997002997,,120,,120,real,,,True,"[0, 7, 15, 23, 31, 39, 47, 55, 62, 70, 78, 86, 94, 102, 110, 118]",0806cf6708b821aab14a2203926e800b28667546d24550ab983bb2168912984d,MSVD,resize,real_10,160
0.0002669264213182032,previous,,0.00019872393022524193,aegis,2.068509582983097,29.97002997002997,,120,,192,real,,,True,"[0, 7, 15, 23, 31, 39, 47, 55, 62, 70, 78, 86, 94, 102, 110, 118]",f38e1b1a53608a5fd6ea10f1fcc7cc73d314c062c08b799fa66f25b58ea35573,MSVD,crop,real_10,256
0.9999663829803467,previous,,-1.1920928955078125e-07,aegis,2.536514792009257,30.0,,150,,720,ai,,,True,"[15, 22, 30, 38, 46, 54, 62, 70, 78, 86, 94, 102, 110, 118, 126, 134]",a1cec2a88fbebbdf0715c4f9aef359211e9bb55329cbaa22c3c0b1aa2f0f0a4d,Sora,original,ai_01,480
0.9999665021896362,previous,,0.0,aegis,2.8938801659969613,30.0,,150,,720,ai,,,True,"[15, 22, 30, 38, 46, 54, 62, 70, 78, 86, 94, 102, 110, 118, 126, 134]",270172caade725100caa515a48d53a71ade59393bf17dfe914949dfff8e97622,Sora,encode_control,ai_01,480
0.9999511241912842,previous,,-1.537799835205078e-05,aegis,2.7235687499924097,30.0,,150,,720,ai,,,True,"[15, 22, 30, 38, 46, 54, 62, 70, 78, 86, 94, 102, 110, 118, 126, 134]",481aa4e8d2ec7cc6091816e877fbc939196f30823c4f4f0e12a701cc1c6d5cff,Sora,compression,ai_01,480
0.9999728202819824,previous,,6.318092346191406e-06,aegis,2.1235251250036526,30.0,,150,,360,ai,,,True,"[15, 22, 30, 38, 46, 54, 62, 70, 78, 86, 94, 102, 110, 118, 126, 134]",666d4bd3f2ea815318e04f92cec2cb60f7287169ee25b1038ca9af4a0997557d,Sora,resize,ai_01,240
0.9999446868896484,previous,,-2.181529998779297e-05,aegis,2.2635523750213906,30.0,,150,,576,ai,,,True,"[15, 22, 30, 38, 46, 54, 62, 70, 78, 86, 94, 102, 110, 118, 126, 134]",50ca50cda9444f64a6f9dfa4775bdd0b5270b1e452a7cbfcc5102d949954828c,Sora,crop,ai_01,384
0.9999948740005493,previous,,-4.76837158203125e-07,aegis,2.498015791992657,30.0,,300,,720,ai,,,True,"[90, 97, 105, 113, 121, 129, 137, 145, 153, 161, 169, 177, 185, 193, 201, 209]",4f3b162d606e01540ae58ed2ec9cac33292ca605e683daaffbf204268a002726,Sora,original,ai_02,480
0.9999953508377075,previous,,0.0,aegis,2.450033708999399,30.0,,300,,720,ai,,,True,"[90, 97, 105, 113, 121, 129, 137, 145, 153, 161, 169, 177, 185, 193, 201, 209]",52c45816cf1c673ff19f00c66302776ee780a80741711bdf34a44826d93e30ad,Sora,encode_control,ai_02,480
0.9999964237213135,previous,,1.0728836059570312e-06,aegis,2.5232454579963814,30.0,,300,,720,ai,,,True,"[90, 97, 105, 113, 121, 129, 137, 145, 153, 161, 169, 177, 185, 193, 201, 209]",73b58bb8337af4efb5c2a36bd9a76b22823b1cdc668b6bafa2811103e43f5330,Sora,compression,ai_02,480
0.9999983310699463,previous,,2.9802322387695312e-06,aegis,2.064225499983877,30.0,,300,,360,ai,,,True,"[90, 97, 105, 113, 121, 129, 137, 145, 153, 161, 169, 177, 185, 193, 201, 209]",39335b13b7e8c8f6c8bfad9d1884151615fb203e541b0bccc0db44bd64fb71c5,Sora,resize,ai_02,240
0.9999854564666748,previous,,-9.894371032714844e-06,aegis,2.2715702920104377,30.0,,300,,576,ai,,,True,"[90, 97, 105, 113, 121, 129, 137, 145, 153, 161, 169, 177, 185, 193, 201, 209]",b383917cc1e148d9ff83dbbec53022f678bfbecb8ededa8e226101ad405846fc,Sora,crop,ai_02,384
0.9411244988441467,previous,0.9998515844345093,-0.005131125450134277,aegis,2.511332499998389,30.0,,150,2.771651268005371,480,ai,0.0488089993596077,0.975976288318634,True,"[15, 22, 30, 38, 46, 54, 62, 70, 78, 86, 94, 102, 110, 118, 126, 134]",e9fd49bce539c8fe640fc60f127d189a822f9deedfe65ad66bfdb3a4114e9a9a,Sora,original,ai_03,854
0.946255624294281,previous,0.9998360872268677,0.0,aegis,2.9301696670008823,30.0,,150,2.868274211883545,480,ai,0.04849660024046898,0.9793204069137573,True,"[15, 22, 30, 38, 46, 54, 62, 70, 78, 86, 94, 102, 110, 118, 126, 134]",5b77d82a9371a3717b41d2cffd980558fdf2e381cb28d88d73796beefbe25471,Sora,encode_control,ai_03,854
0.974808931350708,previous,0.9998579025268555,0.028553307056427002,aegis,2.591492166975513,30.0,,150,3.6557531356811523,480,ai,0.050833288580179214,0.9919920563697815,True,"[15, 22, 30, 38, 46, 54, 62, 70, 78, 86, 94, 102, 110, 118, 126, 134]",28fd0f8c6e0fe313b309374cd98d09a36f1aa49d1b72bf50687c7bc8fb7c0bf6,Sora,compression,ai_03,854
0.9747319221496582,previous,,0.028476297855377197,aegis,2.0932500829803757,30.0,,150,,240,ai,,,True,"[15, 22, 30, 38, 46, 54, 62, 70, 78, 86, 94, 102, 110, 118, 126, 134]",639fe99ef5e941cc69c5db640529f3ffcc5d3113b0d0feb8a0a5589125e2b471,Sora,resize,ai_03,426
0.9996809959411621,previous,,0.053425371646881104,aegis,2.461000666982727,30.0,,150,,384,ai,,,True,"[15, 22, 30, 38, 46, 54, 62, 70, 78, 86, 94, 102, 110, 118, 126, 134]",16b7ab704f06987680f8cb627ed45f37366605ee491b27dba57087efa44c1136,Sora,crop,ai_03,682
0.9460434317588806,previous,0.9998127818107605,-0.00021219253540039062,aegis,2.662491333001526,30.0,,150,2.864109516143799,480,ai,0.04947485029697418,0.9783473014831543,True,"[15, 22, 30, 38, 46, 54, 62, 70, 78, 86, 94, 102, 110, 118, 126, 134]",62da9930c3dfaa944569ae8bb05e53f1fa4c3937139192ca16f187c52da404d0,Sora,crf_23,ai_03,854
0.8876969218254089,previous,0.9997740387916565,-0.05855870246887207,aegis,2.5755706249910872,30.0,,150,2.0674290657043457,480,ai,0.05014612153172493,0.957219123840332,True,"[15, 22, 30, 38, 46, 54, 62, 70, 78, 86, 94, 102, 110, 118, 126, 134]",e9a419fae5c305523723733fabb1acdf66852c3e59fdf772e2def72231de8bae,Sora,crf_28,ai_03,854
0.9614322781562805,previous,0.9998341798782349,0.015176653861999512,aegis,2.4987562499882188,30.0,,150,3.2160069942474365,480,ai,0.04783337563276291,0.9878391027450562,True,"[15, 22, 30, 38, 46, 54, 62, 70, 78, 86, 94, 102, 110, 118, 126, 134]",38e234e6894daf0f1c9d1d2f709c3833268a6195b5741487a6ce4d8e1e5d56fa,Sora,crf_32,ai_03,854
0.9994761347770691,previous,,5.3822994232177734e-05,aegis,2.818138624978019,30.0,,300,,720,ai,,,True,"[90, 97, 105, 113, 121, 129, 137, 145, 153, 161, 169, 177, 185, 193, 201, 209]",3fcb1b36ac65ef30c8ec3d612e21fa3d41ab686a724eac4b4c9351128220694c,Sora,original,ai_04,480
0.9994223117828369,previous,,0.0,aegis,2.5459576249995735,30.0,,300,,720,ai,,,True,"[90, 97, 105, 113, 121, 129, 137, 145, 153, 161, 169, 177, 185, 193, 201, 209]",1ca60e1cccc17850655724965a42f0e671d58d5e173fcf105f928fd11bac7885,Sora,encode_control,ai_04,480
0.9827234745025635,previous,,-0.016698837280273438,aegis,2.495708791015204,30.0,,300,,720,ai,,,True,"[90, 97, 105, 113, 121, 129, 137, 145, 153, 161, 169, 177, 185, 193, 201, 209]",3e554dacd6ece39cb7a950eac2f2b5ee9883de4349fdb94baa7dbe91a252a8b8,Sora,compression,ai_04,480
0.9997639060020447,previous,,0.00034159421920776367,aegis,2.1690872090111952,30.0,,300,,360,ai,,,True,"[90, 97, 105, 113, 121, 129, 137, 145, 153, 161, 169, 177, 185, 193, 201, 209]",849661fcb95aee593818786e3f956b8aa218ca6ca4008f1e80861f618f5c41c7,Sora,resize,ai_04,240
0.9997164607048035,previous,,0.00029414892196655273,aegis,2.274567540996941,30.0,,300,,576,ai,,,True,"[90, 97, 105, 113, 121, 129, 137, 145, 153, 161, 169, 177, 185, 193, 201, 209]",3f052daf6a293ae5a696fb6c400f0f3856019b35922f6f1176bb3bf07520b3dc,Sora,crop,ai_04,384
0.9999889135360718,previous,,-3.5762786865234375e-07,aegis,2.4147749170078896,30.0,,150,,720,ai,,,True,"[15, 22, 30, 38, 46, 54, 62, 70, 78, 86, 94, 102, 110, 118, 126, 134]",acf0d9b42a9d5433c96626c2e22b62fa2b699f4d42cbafc2f81db75774c57943,Sora,original,ai_05,480
0.9999892711639404,previous,,0.0,aegis,2.4532148749858607,30.0,,150,,720,ai,,,True,"[15, 22, 30, 38, 46, 54, 62, 70, 78, 86, 94, 102, 110, 118, 126, 134]",228c43537ba1ee5fc386cfe8b5861f23c250605411f300384805fc775e53830e,Sora,encode_control,ai_05,480
0.9993651509284973,previous,,-0.0006241202354431152,aegis,2.437061333010206,30.0,,150,,720,ai,,,True,"[15, 22, 30, 38, 46, 54, 62, 70, 78, 86, 94, 102, 110, 118, 126, 134]",b7428b1aa07b68be799363d721e4291661b00936a7e334208686f89c9d8d7239,Sora,compression,ai_05,480
0.9999969005584717,previous,,7.62939453125e-06,aegis,2.0541153749800287,30.0,,150,,360,ai,,,True,"[15, 22, 30, 38, 46, 54, 62, 70, 78, 86, 94, 102, 110, 118, 126, 134]",da6af8c249b8fb710b8c96a5fb4e653f8dfbe834c6b22bfb289b27f6c76a79dd,Sora,resize,ai_05,240
0.9999959468841553,previous,,6.67572021484375e-06,aegis,2.2469035839894786,30.0,,150,,576,ai,,,True,"[15, 22, 30, 38, 46, 54, 62, 70, 78, 86, 94, 102, 110, 118, 126, 134]",99aa2b18af65566fa7c2cb02daef5a678d3d36d94c6628b1413d9766d15310e4,Sora,crop,ai_05,384
0.9999043941497803,previous,0.9998642206192017,1.2755393981933594e-05,aegis,3.265763000003062,24.0,,192,9.255871772766113,720,ai,0.20084965229034424,0.9999250173568726,True,"[48, 54, 60, 67, 73, 79, 86, 92, 98, 105, 111, 117, 124, 130, 136, 143]",88085963f36e9372e6778575b374f70b41cd227306f5e2c51aba6c659f1c8d8b,VEO3,original,ai_06,1280
0.9998916387557983,previous,0.9998713731765747,0.0,aegis,3.257110916019883,24.0,,192,9.129959106445312,720,ai,0.19976098835468292,0.9999160766601562,True,"[48, 54, 60, 67, 73, 79, 86, 92, 98, 105, 111, 117, 124, 130, 136, 143]",572474313999393065ccc0aeb85a0ab727d27e6d99d6796cdefed14479a3bb5a,VEO3,encode_control,ai_06,1280
0.9452821612358093,previous,0.9994142055511475,-0.054609477519989014,aegis,3.285598167014541,24.0,,192,2.8492932319641113,720,ai,0.19226694107055664,0.9658335447311401,True,"[48, 54, 60, 67, 73, 79, 86, 92, 98, 105, 111, 117, 124, 130, 136, 143]",d27aad95753defe11f6137dd8aae5acfc831028e829958d06f39f69ec30cb152,VEO3,compression,ai_06,1280
0.9996670484542847,previous,,-0.00022459030151367188,aegis,2.2707272920233663,24.0,,192,,360,ai,,,True,"[48, 54, 60, 67, 73, 79, 86, 92, 98, 105, 111, 117, 124, 130, 136, 143]",240e7b713e3aa10d721cd2d35b306b40af8d4654da2f5fb5c83bad7cd5980cfb,VEO3,resize,ai_06,640
0.9908657670021057,previous,,-0.009025871753692627,aegis,3.2228683750145137,24.0,,192,,576,ai,,,True,"[48, 54, 60, 67, 73, 79, 86, 92, 98, 105, 111, 117, 124, 130, 136, 143]",28f8592ac4cd3b901c3bc54ea8c494e06a7c86731a78a95dc4e30089ac6aff76,VEO3,crop,ai_06,1024
0.9998573064804077,previous,0.9998739957809448,-3.4332275390625e-05,aegis,3.285228750028182,24.0,,192,8.85450267791748,720,ai,0.19846007227897644,0.9998983144760132,True,"[48, 54, 60, 67, 73, 79, 86, 92, 98, 105, 111, 117, 124, 130, 136, 143]",1106bbd032fae42bf714acce4b603dd5b6164edd177ef89c6e374ab3d9a7b56b,VEO3,crf_23,ai_06,1280
0.9993333220481873,previous,0.9996622800827026,-0.000558316707611084,aegis,3.2559402919723652,24.0,,192,7.312541961669922,720,ai,0.1941586285829544,0.9997147917747498,True,"[48, 54, 60, 67, 73, 79, 86, 92, 98, 105, 111, 117, 124, 130, 136, 143]",3b204528779a51321a767cd84a75b52f363233465d68679b452206eeb1ff5694,VEO3,crf_28,ai_06,1280
0.9989377856254578,previous,0.9997592568397522,-0.0009538531303405762,aegis,3.320906750013819,24.0,,192,6.846295356750488,720,ai,0.18491698801517487,0.9995399713516235,True,"[48, 54, 60, 67, 73, 79, 86, 92, 98, 105, 111, 117, 124, 130, 136, 143]",297cdbf55e2e48f69d6ef2f4a75a2e690a29145eaf09099edc45c0bc20d58d32,VEO3,crf_32,ai_06,1280
0.9990643858909607,previous,,-0.0008071064949035645,aegis,4.5757635420013685,24.0,,192,,720,ai,,,True,"[48, 54, 60, 67, 73, 79, 86, 92, 98, 105, 111, 117, 124, 130, 136, 143]",9d4a3e47e4457977cd697dfe6b7c68e3eeb2896d9b38f45ceb46b40b4d2eb17a,VEO3,original,ai_07,1280
0.9998714923858643,previous,,0.0,aegis,4.405072916008066,24.0,,192,,720,ai,,,True,"[48, 54, 60, 67, 73, 79, 86, 92, 98, 105, 111, 117, 124, 130, 136, 143]",c66b57cfe4641afcec9861eabdfb3bb3fa81660e2f787712870037402cd1cb0d,VEO3,encode_control,ai_07,1280
0.998914361000061,previous,,-0.0009571313858032227,aegis,3.608663457998773,24.0,,192,,720,ai,,,True,"[48, 54, 60, 67, 73, 79, 86, 92, 98, 105, 111, 117, 124, 130, 136, 143]",d07fb031afa684ec9ccd44ed76546df4e7cb0f5b54aff4594b18fdef33d26124,VEO3,compression,ai_07,1280
0.9999363422393799,previous,,6.4849853515625e-05,aegis,4.45200637500966,24.0,,192,,360,ai,,,True,"[48, 54, 60, 67, 73, 79, 86, 92, 98, 105, 111, 117, 124, 130, 136, 143]",54c56baf7a75141233fa6a847c17cf275ee5d2bd42495525d2be2aee6b2eac2d,VEO3,resize,ai_07,640
0.9993763566017151,previous,,-0.0004951357841491699,aegis,3.612684583000373,24.0,,192,,576,ai,,,True,"[48, 54, 60, 67, 73, 79, 86, 92, 98, 105, 111, 117, 124, 130, 136, 143]",51430bca8951958d10b05762f4f7044b05b5516db51413549593c4d595902805,VEO3,crop,ai_07,1024
0.999964714050293,previous,,7.152557373046875e-07,aegis,3.5120809999934863,24.0,,192,,720,ai,,,True,"[48, 54, 60, 67, 73, 79, 86, 92, 98, 105, 111, 117, 124, 130, 136, 143]",cc80983c15c3c71606022840189f030881b3700da0f6857bb15c7f244199fc97,VEO3,original,ai_08,1280
0.9999639987945557,previous,,0.0,aegis,3.3236214999924414,24.0,,192,,720,ai,,,True,"[48, 54, 60, 67, 73, 79, 86, 92, 98, 105, 111, 117, 124, 130, 136, 143]",41ad59535abbdace6649146dffb751f5eed5bf0295476d79e3b73b88a06ff612,VEO3,encode_control,ai_08,1280
0.9999620914459229,previous,,-1.9073486328125e-06,aegis,3.2637938340194523,24.0,,192,,720,ai,,,True,"[48, 54, 60, 67, 73, 79, 86, 92, 98, 105, 111, 117, 124, 130, 136, 143]",fa55382c2cc8da5058ae99483b0a0e095baa15304699d6c531ac3f6e3678e3d3,VEO3,compression,ai_08,1280
0.999970555305481,previous,,6.556510925292969e-06,aegis,2.3151247079949826,24.0,,192,,360,ai,,,True,"[48, 54, 60, 67, 73, 79, 86, 92, 98, 105, 111, 117, 124, 130, 136, 143]",0494687f38847cb9141700b6d8b01e9d281cabb44c5e610f0f7688099bdbe1e8,VEO3,resize,ai_08,640
0.9999457597732544,previous,,-1.823902130126953e-05,aegis,2.9614941659965552,24.0,,192,,576,ai,,,True,"[48, 54, 60, 67, 73, 79, 86, 92, 98, 105, 111, 117, 124, 130, 136, 143]",95493feb7b3e14e11f69a5af5c85621ff8e93ad89f761575ee79acf1e5491fd1,VEO3,crop,ai_08,1024
0.9999969005584717,previous,,-3.5762786865234375e-07,aegis,3.800158083002316,24.0,,192,,720,ai,,,True,"[48, 54, 60, 67, 73, 79, 86, 92, 98, 105, 111, 117, 124, 130, 136, 143]",0bc32911b3f68092f6b1c252f9031cd9f13cdf8645c2a52d4c068862f8dbf435,VEO3,original,ai_09,1280
0.9999972581863403,previous,,0.0,aegis,3.6006838750035968,24.0,,192,,720,ai,,,True,"[48, 54, 60, 67, 73, 79, 86, 92, 98, 105, 111, 117, 124, 130, 136, 143]",88e443864e00bad397a7800e8e7427b65009db74ba99f0f6b3fc499829d90c3a,VEO3,encode_control,ai_09,1280
0.9999938011169434,previous,,-3.4570693969726562e-06,aegis,3.2706709160120226,24.0,,192,,720,ai,,,True,"[48, 54, 60, 67, 73, 79, 86, 92, 98, 105, 111, 117, 124, 130, 136, 143]",ed1bb9cd0cbae6f051f20c6d8e421cead8f57262138437c197b67d3a5a263207,VEO3,compression,ai_09,1280
0.999996542930603,previous,,-7.152557373046875e-07,aegis,2.276739584020106,24.0,,192,,360,ai,,,True,"[48, 54, 60, 67, 73, 79, 86, 92, 98, 105, 111, 117, 124, 130, 136, 143]",72344a81f75deb8146e2f85f34cd1dcec68426e9166f39851c534d93de1d122d,VEO3,resize,ai_09,640
0.9999266862869263,previous,,-7.05718994140625e-05,aegis,2.9614336249942426,24.0,,192,,576,ai,,,True,"[48, 54, 60, 67, 73, 79, 86, 92, 98, 105, 111, 117, 124, 130, 136, 143]",340e09a12e3a1ed4ac61934ad6a124fd7f37d466160520601c674f3ce93372b0,VEO3,crop,ai_09,1024
0.9991648197174072,previous,,-0.00042694807052612305,aegis,3.311598041007528,24.0,,192,,720,ai,,,True,"[48, 54, 60, 67, 73, 79, 86, 92, 98, 105, 111, 117, 124, 130, 136, 143]",02d9d5cd08d3da871fa819041ca97a234fd8376481febb9c7f9a6790b4d2364c,VEO3,original,ai_10,1280
0.9995917677879333,previous,,0.0,aegis,3.3546578749956097,24.0,,192,,720,ai,,,True,"[48, 54, 60, 67, 73, 79, 86, 92, 98, 105, 111, 117, 124, 130, 136, 143]",74416d48901cad6deeb34b84b2e397591b0860041a9019439b5b0a667eccccee,VEO3,encode_control,ai_10,1280
0.9998542070388794,previous,,0.0002624392509460449,aegis,3.279033208003966,24.0,,192,,720,ai,,,True,"[48, 54, 60, 67, 73, 79, 86, 92, 98, 105, 111, 117, 124, 130, 136, 143]",be742b6c974edeb7cdd360d5b2c6f83c19aeacf8a4aae62c0a0fb4d7529b3f46,VEO3,compression,ai_10,1280
0.999716579914093,previous,,0.00012481212615966797,aegis,2.324805500014918,24.0,,192,,360,ai,,,True,"[48, 54, 60, 67, 73, 79, 86, 92, 98, 105, 111, 117, 124, 130, 136, 143]",47d52e2390079c1f4ae306e9b3fe372da14603e0a4a4595dffed1995cdcf336a,VEO3,resize,ai_10,640
0.9932896494865417,previous,,-0.0063021183013916016,aegis,2.782431125000585,24.0,,192,,576,ai,,,True,"[48, 54, 60, 67, 73, 79, 86, 92, 98, 105, 111, 117, 124, 130, 136, 143]",5e5cf7b5156d68e846c77a92b38525292aa24d4c2f7a790c7ce7a077dffc7519,VEO3,crop,ai_10,1024
0.0007268160698004067,previous,0.12186078727245331,0.0003354516520630568,aegis,2.4590042920026463,24.0,,71,-7.226109981536865,480,real,0.017766812816262245,0.00960749201476574,True,"[0, 4, 9, 14, 18, 23, 28, 32, 37, 42, 46, 51, 56, 60, 65, 70]",39e3fec5742146ec687f285697ff27e0f40564f8a49c0f3c158508f8c81e7056,DAVIS,original,davis_01,854
0.00039136441773734987,previous,0.049501437693834305,0.0,aegis,2.48356995798531,24.0,,71,-7.845479965209961,480,real,0.01773242838680744,0.007158320397138596,True,"[0, 4, 9, 14, 18, 23, 28, 32, 37, 42, 46, 51, 56, 60, 65, 70]",69ccca91ebc017d2ee0de2aecee5c48be9158e41597edc89ac99163ad0776a1d,DAVIS,encode_control,davis_01,854
0.00019677144882734865,previous,0.016369115561246872,-0.00019459296891000122,aegis,2.5188673750089947,24.0,,71,-8.533270835876465,480,real,0.019475456327199936,0.005159743130207062,True,"[0, 4, 9, 14, 18, 23, 28, 32, 37, 42, 46, 51, 56, 60, 65, 70]",627cafe18e8540327d9747a387fc7da14e3ea2bfb8425502bd04ee8f80309418,DAVIS,compression,davis_01,854
0.000573971017729491,previous,0.13213831186294556,0.00018260659999214113,aegis,2.066979084018385,24.0,,71,-7.462357521057129,240,real,0.024286795407533646,0.013064376078546047,True,"[0, 4, 9, 14, 18, 23, 28, 32, 37, 42, 46, 51, 56, 60, 65, 70]",f27bccef5885c464910ed52522aaa36b40447900820f27dacf1418729febc74d,DAVIS,resize,davis_01,426
0.009961758740246296,previous,0.9808829426765442,0.009570394322508946,aegis,2.4095458340016194,24.0,,71,-4.598989963531494,384,real,0.028338421136140823,0.041715580970048904,True,"[0, 4, 9, 14, 18, 23, 28, 32, 37, 42, 46, 51, 56, 60, 65, 70]",2b752c36ebbf6a02cf23fd0609fe21e3c96db557934bceed53038b67fb2cdd50,DAVIS,crop,davis_01,682
0.0016943677328526974,previous,0.03382125496864319,0.00043975410517305136,aegis,2.8610989580047317,24.0,,90,-6.378749847412109,480,real,0.13070635497570038,0.001833257032558322,True,"[0, 5, 11, 17, 23, 29, 35, 41, 47, 53, 59, 65, 71, 77, 83, 89]",e1da20aea919ebeb31afe372a9cf7d008886c1b437bd5b76e28ffd887526815d,DAVIS,original,davis_02,910
0.001254613627679646,previous,0.019021764397621155,0.0,aegis,2.5205179170006886,24.0,,90,-6.6796722412109375,480,real,0.12999384105205536,0.0016217646189033985,True,"[0, 5, 11, 17, 23, 29, 35, 41, 47, 53, 59, 65, 71, 77, 83, 89]",ad3ff56b94e14242f367cb6c542979cebb866bd52975548051059d74a98e555d,DAVIS,encode_control,davis_02,910
0.0005352905136533082,previous,0.008423314429819584,-0.0007193231140263379,aegis,2.5177082089940086,24.0,,90,-7.53216552734375,480,real,0.15824364125728607,0.0006459523574449122,True,"[0, 5, 11, 17, 23, 29, 35, 41, 47, 53, 59, 65, 71, 77, 83, 89]",ad50414254f1fe727ae53057bda209792544d38e28a2c3665c66c5f772ed6c6a,DAVIS,compression,davis_02,910
0.0027425598818808794,previous,0.039277154952287674,0.0014879462542012334,aegis,2.132220125000458,24.0,,90,-5.896117210388184,240,real,0.23335660994052887,0.002122879261150956,True,"[0, 5, 11, 17, 23, 29, 35, 41, 47, 53, 59, 65, 71, 77, 83, 89]",36d961e760ed511295be590c443d38577dca0f4aa9f3035d67adbd8da2fa1cc9,DAVIS,resize,davis_02,454
0.0010566194541752338,previous,0.011626570485532284,-0.00019799417350441217,aegis,2.324221499991836,24.0,,90,-6.85162353515625,384,real,0.19302786886692047,0.0012672069715335965,True,"[0, 5, 11, 17, 23, 29, 35, 41, 47, 53, 59, 65, 71, 77, 83, 89]",e6ea4ed52dfc0ff73783d316c2d28d5dac84162db6648789adb9b9f7a7716414,DAVIS,crop,davis_02,728
0.0004994921619072556,previous,0.0018701569642871618,-2.2443244233727455e-05,aegis,2.502258416003315,24.0,,77,-7.601418972015381,480,real,0.1915617734193802,0.0006712048780173063,True,"[0, 5, 10, 15, 20, 25, 30, 35, 40, 45, 50, 55, 60, 65, 70, 76]",6e06aac16243f01484fb9a895f045294ac46e288be23642613556d0c11118d00,DAVIS,original,davis_03,854
0.0005219354061409831,previous,0.0018121344037353992,0.0,aegis,2.4764747919980437,24.0,,77,-7.5574445724487305,480,real,0.19607293605804443,0.0007217698148451746,True,"[0, 5, 10, 15, 20, 25, 30, 35, 40, 45, 50, 55, 60, 65, 70, 76]",8c1cc78f46bed6d784a747b7469538db07492c4044dfa21740de0f5ab0ab944f,DAVIS,encode_control,davis_03,854
0.000563549401704222,previous,0.0018643094226717949,4.161399556323886e-05,aegis,2.5038072500028647,24.0,,77,-7.480691909790039,480,real,0.26574766635894775,0.0007021974888630211,True,"[0, 5, 10, 15, 20, 25, 30, 35, 40, 45, 50, 55, 60, 65, 70, 76]",2cf23adeb5e2975bee7f2ebec1d6b020f58ce012ab795767cc62d449ee351638,DAVIS,compression,davis_03,854
0.0010206140577793121,previous,0.0013404474593698978,0.000498678651638329,aegis,2.1050056669919286,24.0,,77,-6.886329650878906,240,real,0.8829249143600464,0.0006425792817026377,True,"[0, 5, 10, 15, 20, 25, 30, 35, 40, 45, 50, 55, 60, 65, 70, 76]",a47693af9ae4c41953dccb98f18971c1becee131b1d5c29a1808e2ba6c7a5434,DAVIS,resize,davis_03,426
0.0004778784641530365,previous,0.00157773622777313,-4.405694198794663e-05,aegis,2.302544666978065,24.0,,77,-7.645676136016846,384,real,0.17373809218406677,0.0005367212579585612,True,"[0, 5, 10, 15, 20, 25, 30, 35, 40, 45, 50, 55, 60, 65, 70, 76]",9dba414ed71cc26fdef6bd3adb54cb682afb432d941a26bafddcc4a2585104b2,DAVIS,crop,davis_03,682
0.9941451549530029,previous,0.9997122883796692,0.0008761286735534668,aegis,2.513445624994347,24.0,,82,5.134622573852539,480,real,0.05687340721487999,0.9991827607154846,True,"[0, 5, 10, 16, 21, 27, 32, 37, 43, 48, 54, 59, 64, 70, 75, 81]",54d820453f3379becd15020737783a5d716c528d3bc179a34f34b7e860560db2,DAVIS,original,davis_04,854
0.9932690262794495,previous,0.9996078610420227,0.0,aegis,2.5428332920128014,24.0,,82,4.9942851066589355,480,real,0.05507154017686844,0.9991528987884521,True,"[0, 5, 10, 16, 21, 27, 32, 37, 43, 48, 54, 59, 64, 70, 75, 81]",0f507aad053965193a5217696c9e6992f0d8124bce9cc9d9e99c4128f17debef,DAVIS,encode_control,davis_04,854
0.23746226727962494,previous,0.9849464893341064,-0.7558067589998245,aegis,2.530635750008514,24.0,,82,-1.1666432619094849,480,real,0.050755493342876434,0.9532593488693237,True,"[0, 5, 10, 16, 21, 27, 32, 37, 43, 48, 54, 59, 64, 70, 75, 81]",4e5da449c4e993c62d005cb04e6dfa910ab8aee61b7b54e61b0d1bd50a4d25b5,DAVIS,compression,davis_04,854
0.999431312084198,previous,0.9997528195381165,0.006162285804748535,aegis,2.512441958009731,24.0,,82,7.471565246582031,240,real,0.06273019313812256,0.9998947381973267,True,"[0, 5, 10, 16, 21, 27, 32, 37, 43, 48, 54, 59, 64, 70, 75, 81]",c3d12d53270d20aa781c1b76743868571972c4d29d598e6ae31fc4dac09b1957,DAVIS,resize,davis_04,426
0.9921488761901855,previous,0.9994499087333679,-0.001120150089263916,aegis,2.428921500017168,24.0,,82,4.839221000671387,384,real,0.03068663738667965,0.9993869066238403,True,"[0, 5, 10, 16, 21, 27, 32, 37, 43, 48, 54, 59, 64, 70, 75, 81]",977299fb17711bae25f6b5868d70ba6a1afe56c883e337d7e7d425dae294e124,DAVIS,crop,davis_04,682
3.5596418456407264e-05,previous,0.0004998875665478408,5.827168934047222e-07,aegis,2.510319624998374,24.0,,78,-10.243229866027832,480,real,0.018172260373830795,0.00011300214100629091,True,"[0, 5, 10, 15, 20, 25, 30, 35, 41, 46, 51, 56, 61, 66, 71, 77]",e8a3b2ffb926eeecb736c8a3c1656f303662b789705c5270b0c33f13ebdd9ab0,DAVIS,original,davis_05,854
3.501370156300254e-05,previous,0.0004937814665026963,0.0,aegis,2.689848666981561,24.0,,78,-10.259736061096191,480,real,0.017787044867873192,0.00010879914043471217,True,"[0, 5, 10, 15, 20, 25, 30, 35, 41, 46, 51, 56, 61, 66, 71, 77]",e7ac5d718730ff7c15861300da33686f1ff46b79e0af4c27627b73d5ede74d9b,DAVIS,encode_control,davis_05,854
4.1709070501383394e-05,previous,0.0005436784704215825,6.695368938380852e-06,aegis,2.584121874999255,24.0,,78,-10.084750175476074,480,real,0.02487984113395214,0.00014375770115293562,True,"[0, 5, 10, 15, 20, 25, 30, 35, 41, 46, 51, 56, 61, 66, 71, 77]",f9b90936469ee44baef1c4e29be41091f79d67a0f762082b0953a0056c69e0e4,DAVIS,compression,davis_05,854
4.970927329850383e-05,previous,0.0004873723373748362,1.469557173550129e-05,aegis,2.276046332990518,24.0,,78,-9.909269332885742,240,real,0.025991909205913544,0.00011932324559893459,True,"[0, 5, 10, 15, 20, 25, 30, 35, 41, 46, 51, 56, 61, 66, 71, 77]",3b8c01888369ba66f368f0c28bc748677a8647e1e87560d54b3f66d66e4bd6ed,DAVIS,resize,davis_05,426
8.78490463946946e-05,previous,0.0005230655078776181,5.2835344831692055e-05,aegis,2.3175686670001596,24.0,,78,-9.339802742004395,384,real,0.030300375074148178,0.00024281415971927345,True,"[0, 5, 10, 15, 20, 25, 30, 35, 41, 46, 51, 56, 61, 66, 71, 77]",7fc504e2941eccd4391461cedad6267c0bfa48a1b92f6550a1ad325534e8ee6f,DAVIS,crop,davis_05,682
0.00010225284495390952,fresh,0.0018133455887436867,-9.41717007663101e-06,aegis,2.6075765829882585,59.94005994005994,,360,-9.187959671020508,360,real,0.02590460516512394,0.00021128074149601161,False,"[60, 75, 91, 107, 123, 139, 155, 171, 186, 202, 218, 234, 250, 266, 282, 298]",bae119c802c39c990df92e1da5524129f41f14f47dd16ae94de3d9fc63c5e0bd,MSVD,original,fresh_real_01,640
0.00011167001503054053,fresh,0.002022515283897519,0.0,aegis,2.3521913749864325,59.94005994005994,,360,-9.09985065460205,360,real,0.02555331587791443,0.0002288649120600894,False,"[60, 75, 91, 107, 123, 139, 155, 171, 186, 202, 218, 234, 250, 266, 282, 298]",d1568e2affc0214fd457bf564ffd79d58b9185b251ba24cb374ded8e8541ede5,MSVD,encode_control,fresh_real_01,640
0.00010601681424304843,fresh,0.002048464259132743,-5.6532007874920964e-06,aegis,2.350360249984078,59.94005994005994,,360,-9.151806831359863,360,real,0.02737743966281414,0.00020761507039424032,False,"[60, 75, 91, 107, 123, 139, 155, 171, 186, 202, 218, 234, 250, 266, 282, 298]",408021eecf9a86b23cc2b31ae1b579dadb6437e1ee357379a2c9326d04abb3c4,MSVD,compression,fresh_real_01,640
0.00017766904784366488,fresh,0.0019055587472394109,6.599903281312436e-05,aegis,2.0561257080116775,59.94005994005994,,360,-8.63541030883789,180,real,0.05361631140112877,0.0003783970314543694,False,"[60, 75, 91, 107, 123, 139, 155, 171, 186, 202, 218, 234, 250, 266, 282, 298]",14962acd3dd31e391b483095b96a6cc83ac29645f7e4e5b86f3794b6007f1892,MSVD,resize,fresh_real_01,320
0.00013078526535537094,fresh,0.0015849770279601216,1.9115250324830413e-05,aegis,2.2059419169963803,59.94005994005994,,360,-8.94182300567627,288,real,0.06265094131231308,0.0002186454803450033,False,"[60, 75, 91, 107, 123, 139, 155, 171, 186, 202, 218, 234, 250, 266, 282, 298]",39664e087747cb769ea1b8c2d20f1c523f13ffb26726d166ce32ec7316003349,MSVD,crop,fresh_real_01,512
5.2008974307682365e-05,fresh,0.0006060537416487932,2.8083341021556407e-06,aegis,3.660954874998424,29.916666666666668,,150,-9.864042282104492,720,real,0.020339906215667725,0.00013269756163936108,False,"[15, 22, 30, 38, 46, 54, 62, 70, 77, 85, 93, 101, 109, 117, 125, 133]",df57964a64d936da76809f0b108e64810bedd25ab5d95cfaf81843cf0fa9fcc3,MSVD,original,fresh_real_02,1280
4.9200640205526724e-05,fresh,0.0006020570872351527,0.0,aegis,3.967680041998392,29.916666666666668,,150,-9.919554710388184,720,real,0.02024606242775917,0.000123515710583888,False,"[15, 22, 30, 38, 46, 54, 62, 70, 77, 85, 93, 101, 109, 117, 125, 133]",f6224a04b656c4409d8ccbc2877df5d6294b33e975a9a2b63c24b528c183c21f,MSVD,encode_control,fresh_real_02,1280
4.3935524445259944e-05,fresh,0.0005776087637059391,-5.265115760266781e-06,aegis,3.4494172499980778,29.916666666666668,,150,-10.032743453979492,720,real,0.021459657698869705,0.00010720317368395627,False,"[15, 22, 30, 38, 46, 54, 62, 70, 77, 85, 93, 101, 109, 117, 125, 133]",6bfa35d1dced73926516bbaed26a506e0f42c4122beb556ce42990b497273ae3,MSVD,compression,fresh_real_02,1280
5.281732592266053e-05,fresh,0.0006072887917980552,3.616685717133805e-06,aegis,2.43893258299795,29.916666666666668,,150,-9.848618507385254,360,real,0.023475252091884613,0.00012392886856105179,False,"[15, 22, 30, 38, 46, 54, 62, 70, 77, 85, 93, 101, 109, 117, 125, 133]",10161f0bb28966e86597c78352a61bb437600b360d902f8eb491b61fec7585c5,MSVD,resize,fresh_real_02,640
4.517050183494575e-05,fresh,0.0006262216484174132,-4.030138370580971e-06,aegis,2.8786562079912983,29.916666666666668,,150,-10.005021095275879,576,real,0.022764043882489204,0.00010394268610980362,False,"[15, 22, 30, 38, 46, 54, 62, 70, 77, 85, 93, 101, 109, 117, 125, 133]",08f1b50fa21aaf19c533344d785d9fca36370e3de74c0d9bb6545d43a030d9c7,MSVD,crop,fresh_real_02,1024
0.0002738587209023535,fresh,0.033553481101989746,1.0418880265206099e-06,aegis,2.3251803340099286,29.97002997002997,,240,-8.202624320983887,338,real,0.04609197378158569,0.002257545478641987,False,"[60, 67, 75, 83, 91, 99, 107, 115, 122, 130, 138, 146, 154, 162, 170, 178]",05b830fc32e407c6881acf899a37c957e9107eede5ae654a78d13efe55a17def,MSVD,original,fresh_real_03,448
0.0002728168328758329,fresh,0.039181750267744064,0.0,aegis,2.2023093749885447,29.97002997002997,,240,-8.206437110900879,338,real,0.04736292362213135,0.0021334521006792784,False,"[60, 67, 75, 83, 91, 99, 107, 115, 122, 130, 138, 146, 154, 162, 170, 178]",7ce567165c6b021e58a1c62a955568aae572672661c6887009e9525038375b64,MSVD,encode_control,fresh_real_03,448
0.0003944721829611808,fresh,0.044240497052669525,0.00012165535008534789,aegis,2.205931666016113,29.97002997002997,,240,-7.837567329406738,338,real,0.04803909361362457,0.0043800463899970055,False,"[60, 67, 75, 83, 91, 99, 107, 115, 122, 130, 138, 146, 154, 162, 170, 178]",4030a9af3f489fcf43eaec9caa6ac4087d731a3e5ed219d893d2be29fbb6d307,MSVD,compression,fresh_real_03,448
0.03777026757597923,fresh,0.017522169277071953,0.0374974507431034,aegis,2.0192404169938527,29.97002997002997,,240,-3.2377309799194336,168,real,0.08180881291627884,0.5989728569984436,False,"[60, 67, 75, 83, 91, 99, 107, 115, 122, 130, 138, 146, 154, 162, 170, 178]",60675a750ba76b463a6f400315f130a8b96187c866e4c7f3ef23eab215674283,MSVD,resize,fresh_real_03,224
0.0008711750851944089,fresh,0.02076774463057518,0.000598358252318576,aegis,2.1717605419980828,29.97002997002997,,240,-7.044795989990234,270,real,0.07340017706155777,0.00812556967139244,False,"[60, 67, 75, 83, 91, 99, 107, 115, 122, 130, 138, 146, 154, 162, 170, 178]",c4783ff502f59781b4ba06e527bfbc11c7e53b6f61af928d14d5063faff2ffc0,MSVD,crop,fresh_real_03,358
0.00014625114272348583,fresh,0.0007679442060180008,1.5907600754871964e-05,aegis,2.263549499999499,29.916666666666668,,150,-8.830039024353027,360,real,0.8166145086288452,0.00014500347606372088,False,"[15, 22, 30, 38, 46, 54, 62, 70, 77, 85, 93, 101, 109, 117, 125, 133]",df508b84233ce01d3f9c49c5ba8b12ea2a11169465192a421265e82c37424db0,MSVD,original,fresh_real_04,480
0.00013034354196861386,fresh,0.0007877695607021451,0.0,aegis,2.253963750001276,29.916666666666668,,150,-8.945206642150879,360,real,0.8040306568145752,0.00015074711700435728,False,"[15, 22, 30, 38, 46, 54, 62, 70, 77, 85, 93, 101, 109, 117, 125, 133]",a79bf7baa21cad6b17baabf4fecf70e0067c08d8684acde9fd70ebef379a19b1,MSVD,encode_control,fresh_real_04,480
0.00010126668348675594,fresh,0.0009006985346786678,-2.9076858481857926e-05,aegis,2.2711584999924526,29.916666666666668,,150,-9.197651863098145,360,real,0.8451072573661804,0.00015298086509574205,False,"[15, 22, 30, 38, 46, 54, 62, 70, 77, 85, 93, 101, 109, 117, 125, 133]",5ee969a103bbab3fad1be16e6ec77c37230eba5972a120f2b7180118c422b688,MSVD,compression,fresh_real_04,480
0.0006570700788870454,fresh,0.0009003158193081617,0.0005267265369184315,aegis,2.019251375022577,29.916666666666668,,150,-7.327062606811523,180,real,0.9779393076896667,0.0003928951919078827,False,"[15, 22, 30, 38, 46, 54, 62, 70, 77, 85, 93, 101, 109, 117, 125, 133]",747e14ebe0109fff0790a9464b42c76a8ba20abf2490b3e188bd03a13dc6879e,MSVD,resize,fresh_real_04,240
0.00027345717535354197,fresh,0.0006454471149481833,0.0001431136333849281,aegis,2.177577750000637,29.916666666666668,,150,-8.204092025756836,288,real,0.9560987949371338,0.00017581330030225217,False,"[15, 22, 30, 38, 46, 54, 62, 70, 77, 85, 93, 101, 109, 117, 125, 133]",abaa092ed13c22059feaf9b0556e714d4300bc519f232578202939dfda8405e4,MSVD,crop,fresh_real_04,384
0.9999922513961792,fresh,0.9999357461929321,-1.3113021850585938e-06,aegis,2.309866541007068,29.97002997002997,,300,11.766207695007324,360,real,0.349187970161438,0.9999735355377197,False,"[90, 97, 105, 113, 121, 129, 137, 145, 152, 160, 168, 176, 184, 192, 200, 208]",cd91f6b8cb1b927827e8b5e413b2824af1db6210c5431ef61f057f65880fa0df,MSVD,original,fresh_real_05,480
0.9999935626983643,fresh,0.9999344348907471,0.0,aegis,2.29634449997684,29.97002997002997,,300,11.951025009155273,360,real,0.37015581130981445,0.9999749660491943,False,"[90, 97, 105, 113, 121, 129, 137, 145, 152, 160, 168, 176, 184, 192, 200, 208]",6f524a53571c9c105f58259c7f043ad795ff76d890a6f4825b83707ce23fc255,MSVD,encode_control,fresh_real_05,480
0.9999699592590332,fresh,0.9998335838317871,-2.3603439331054688e-05,aegis,2.2921485420083627,29.97002997002997,,300,10.413620948791504,360,real,0.37887611985206604,0.9999490976333618,False,"[90, 97, 105, 113, 121, 129, 137, 145, 152, 160, 168, 176, 184, 192, 200, 208]",63b92a10776b8e5ad2211efab10c6af7cf1e940c30506fdb2c1cf3fe93317c31,MSVD,compression,fresh_real_05,480
0.9999957084655762,fresh,0.9999392032623291,2.1457672119140625e-06,aegis,2.1306262919970322,29.97002997002997,,300,12.369867324829102,180,real,0.48481765389442444,0.9999761581420898,False,"[90, 97, 105, 113, 121, 129, 137, 145, 152, 160, 168, 176, 184, 192, 200, 208]",c507d12ecb56b4c16a4f6225017f7f40302e66bbc3384f9f77a87efe70d457f9,MSVD,resize,fresh_real_05,240
0.9999282360076904,fresh,0.9996966123580933,-6.532669067382812e-05,aegis,2.1913836659805384,29.97002997002997,,300,9.542359352111816,288,real,0.24307236075401306,0.9999358654022217,False,"[90, 97, 105, 113, 121, 129, 137, 145, 152, 160, 168, 176, 184, 192, 200, 208]",8684c0a06a5e35b8cd29db03a515b864a7c36e5762457c1e7cc2b29bc12eff68,MSVD,crop,fresh_real_05,384
0.9999052286148071,fresh,0.9999412298202515,-1.430511474609375e-06,aegis,2.506279249995714,30.0,,150,9.264208793640137,720,ai,0.1635877788066864,0.9999237060546875,False,"[15, 22, 30, 38, 46, 54, 62, 70, 78, 86, 94, 102, 110, 118, 126, 134]",ef602b493294d4843ecdfd1a27c0224ad66354754c4c62f55bb500c9c3d5a613,Sora,original,fresh_sora_01,480
0.9999066591262817,fresh,0.9999412298202515,0.0,aegis,2.527528332982911,30.0,,150,9.279213905334473,720,ai,0.16623374819755554,0.9999245405197144,False,"[15, 22, 30, 38, 46, 54, 62, 70, 78, 86, 94, 102, 110, 118, 126, 134]",cdcec785b5fef8d04617a80593ac5da053d47d6ec1f1db463bca6d639595bab8,Sora,encode_control,fresh_sora_01,480
0.9997512698173523,fresh,0.9999414682388306,-0.00015538930892944336,aegis,2.46396608298528,30.0,,150,8.298933982849121,720,ai,0.19122837483882904,0.999804675579071,False,"[15, 22, 30, 38, 46, 54, 62, 70, 78, 86, 94, 102, 110, 118, 126, 134]",5536861dbb6b0db01df73ceaeb54bba733925104d7551353646b4a00eb1fe788,Sora,compression,fresh_sora_01,480
0.9999852180480957,fresh,0.9999406337738037,7.855892181396484e-05,aegis,2.1384334579925053,30.0,,150,11.124587059020996,360,ai,0.27179691195487976,0.9999661445617676,False,"[15, 22, 30, 38, 46, 54, 62, 70, 78, 86, 94, 102, 110, 118, 126, 134]",b35b99ded0c0b12fa15ad312ad509ba473d8fbec8d96d52ffa6de834caf0aa95,Sora,resize,fresh_sora_01,240
0.9998282194137573,fresh,0.9999425411224365,-7.843971252441406e-05,aegis,2.305186167010106,30.0,,150,8.6694917678833,576,ai,0.15391461551189423,0.9998745918273926,False,"[15, 22, 30, 38, 46, 54, 62, 70, 78, 86, 94, 102, 110, 118, 126, 134]",c4043338c1259d117143428fd0402ca1e5dd937c2f8923b6b3b338ec47386238,Sora,crop,fresh_sora_01,384
0.9999866485595703,fresh,0.9999438524246216,4.887580871582031e-06,aegis,2.6475703330070246,30.0,,150,11.225296974182129,720,ai,0.1821601539850235,0.999977707862854,False,"[15, 22, 30, 38, 46, 54, 62, 70, 78, 86, 94, 102, 110, 118, 126, 134]",a78e1005d1e35723959cfdbd6446c827749b0da5c1c4ce83d40c910e31a8d2ce,Sora,original,fresh_sora_02,480
0.9999817609786987,fresh,0.9999260902404785,0.0,aegis,3.0721211660129484,30.0,,150,10.914237976074219,720,ai,0.17979247868061066,0.9999761581420898,False,"[15, 22, 30, 38, 46, 54, 62, 70, 78, 86, 94, 102, 110, 118, 126, 134]",5e344a2f79f322cf098a12ac4bf2931341919d7d310c7cb571cdd46df31459f8,Sora,encode_control,fresh_sora_02,480
0.9996695518493652,fresh,0.9847574234008789,-0.0003122091293334961,aegis,2.5373630409885664,30.0,,150,8.014607429504395,720,ai,0.26946741342544556,0.9999285936355591,False,"[15, 22, 30, 38, 46, 54, 62, 70, 78, 86, 94, 102, 110, 118, 126, 134]",72df47e804b985177dab0dea67eef1a2910b96511e511138d0b47e544019342b,Sora,compression,fresh_sora_02,480
0.9999991655349731,fresh,0.9999450445175171,1.7404556274414062e-05,aegis,3.948188749986002,30.0,,150,14.020767211914062,360,ai,0.9035703539848328,0.9999806880950928,False,"[15, 22, 30, 38, 46, 54, 62, 70, 78, 86, 94, 102, 110, 118, 126, 134]",035709b2f7344c2bbeeffed09691059b1235263631e362b2cede419497a541a4,Sora,resize,fresh_sora_02,240
0.9999892711639404,fresh,0.9999123811721802,7.510185241699219e-06,aegis,8.471884250000585,30.0,,150,11.437872886657715,576,ai,0.1792730838060379,0.9999806880950928,False,"[15, 22, 30, 38, 46, 54, 62, 70, 78, 86, 94, 102, 110, 118, 126, 134]",5050341dd90d22788a494673cff954aae914534ea5dbe5930b0ed831f0504127,Sora,crop,fresh_sora_02,384
0.3093816637992859,fresh,0.043626297265291214,-0.022108733654022217,aegis,3.144706541002961,30.0,,150,-0.8030116558074951,480,ai,0.9684481620788574,0.038342177867889404,False,"[15, 22, 30, 38, 46, 54, 62, 70, 78, 86, 94, 102, 110, 118, 126, 134]",0f5a6a04a8bbfc6151c9dd4ed0e41b942ecdbadc52dcc632b4a1a493b98e6566,Sora,original,fresh_sora_03,854
0.3314903974533081,fresh,0.03998628631234169,0.0,aegis,2.6457959580002353,30.0,,150,-0.7014518976211548,480,ai,0.9687841534614563,0.04316392168402672,False,"[15, 22, 30, 38, 46, 54, 62, 70, 78, 86, 94, 102, 110, 118, 126, 134]",966ef06d60e78dd2c481b99d2ce68aadf7bf6107ea2ee73c7055f91426e33c5f,Sora,encode_control,fresh_sora_03,854
0.3669918179512024,fresh,0.1582464575767517,0.03550142049789429,aegis,2.5944302910065744,30.0,,150,-0.5451438426971436,480,ai,0.9746516942977905,0.028434937819838524,False,"[15, 22, 30, 38, 46, 54, 62, 70, 78, 86, 94, 102, 110, 118, 126, 134]",d3274fb66353a6be4480b557fedb9833ddd9d8ef467caed47c6f2e56e3f5b9ff,Sora,compression,fresh_sora_03,854
0.9804785847663879,fresh,0.32296672463417053,0.6489881873130798,aegis,2.150619749998441,30.0,,150,3.9165287017822266,240,ai,0.9787179231643677,0.7931236028671265,False,"[15, 22, 30, 38, 46, 54, 62, 70, 78, 86, 94, 102, 110, 118, 126, 134]",5316b5d10d8a2d67900151f091785fa18d25a14e525c89363c8c446bf2597719,Sora,resize,fresh_sora_03,426
0.9848344326019287,fresh,0.986156165599823,0.6533440351486206,aegis,2.3657369170105085,30.0,,150,4.173445701599121,384,ai,0.9629776477813721,0.8887812495231628,False,"[15, 22, 30, 38, 46, 54, 62, 70, 78, 86, 94, 102, 110, 118, 126, 134]",c1d10742e94e97729aa91855256a99dc03339f62c6234879ae628ca8561f0efc,Sora,crop,fresh_sora_03,682
0.9999805688858032,fresh,0.9999197721481323,0.0,aegis,3.3056383339862805,24.0,,192,10.845897674560547,720,ai,0.4075815975666046,0.9999350309371948,False,"[48, 54, 60, 67, 73, 79, 86, 92, 98, 105, 111, 117, 124, 130, 136, 143]",60e387d2463b0e1bdd0bdde6f8c5dd736c4f614d7c28875a5ad7ca149eb14910,VEO3,original,fresh_veo_01,1280
0.9999805688858032,fresh,0.9999200105667114,0.0,aegis,3.337661666999338,24.0,,192,10.847683906555176,720,ai,0.4137428402900696,0.9999344348907471,False,"[48, 54, 60, 67, 73, 79, 86, 92, 98, 105, 111, 117, 124, 130, 136, 143]",15e1f889cb7af65d9eb7739fd8498a0119b8930ed9861c218b8ba1ee48f3ed2b,VEO3,encode_control,fresh_veo_01,1280
0.9999768733978271,fresh,0.9999196529388428,-3.6954879760742188e-06,aegis,3.346295416005887,24.0,,192,10.673863410949707,720,ai,0.4154597222805023,0.9999250173568726,False,"[48, 54, 60, 67, 73, 79, 86, 92, 98, 105, 111, 117, 124, 130, 136, 143]",cb99f0cedaece092ce478ff5b6437e047bf67fe0b57dc51c5bdcc1660f1aac2f,VEO3,compression,fresh_veo_01,1280
0.999993085861206,fresh,0.9999212026596069,1.2516975402832031e-05,aegis,2.353348124976037,24.0,,192,11.876291275024414,360,ai,0.775626003742218,0.9999401569366455,False,"[48, 54, 60, 67, 73, 79, 86, 92, 98, 105, 111, 117, 124, 130, 136, 143]",00a8a405aa93d6564407b0a3ac73c1608670a09ee3de7ddd47722360603c3a07,VEO3,resize,fresh_veo_01,640
0.9999278783798218,fresh,0.9999165534973145,-5.269050598144531e-05,aegis,2.8229303330008406,24.0,,192,9.536375999450684,576,ai,0.3300294876098633,0.9998489618301392,False,"[48, 54, 60, 67, 73, 79, 86, 92, 98, 105, 111, 117, 124, 130, 136, 143]",a199ba46619cc1711c9695212bda85a7bfe730a93083c836597bd3c3654e1db0,VEO3,crop,fresh_veo_01,1024
0.9999548196792603,fresh,0.9999243021011353,1.0728836059570312e-06,aegis,3.2270878750132397,24.0,,192,10.005843162536621,720,ai,0.13059714436531067,0.9999512434005737,False,"[48, 54, 60, 67, 73, 79, 86, 92, 98, 105, 111, 117, 124, 130, 136, 143]",c890d6f7c952768ac983efda664cd51bbb98ddceed1bda53729e0d9d90daa373,VEO3,original,fresh_veo_02,1280
0.9999537467956543,fresh,0.9999244213104248,0.0,aegis,3.2493253750144504,24.0,,192,9.981583595275879,720,ai,0.1297876238822937,0.9999508857727051,False,"[48, 54, 60, 67, 73, 79, 86, 92, 98, 105, 111, 117, 124, 130, 136, 143]",02805bc9a1aec42f1ae2daaebec10de7a892a12870a5c64198d230ff796bb775,VEO3,encode_control,fresh_veo_02,1280
0.9999401569366455,fresh,0.9999270439147949,-1.3589859008789062e-05,aegis,3.236678541987203,24.0,,192,9.723362922668457,720,ai,0.13818314671516418,0.9999322891235352,False,"[48, 54, 60, 67, 73, 79, 86, 92, 98, 105, 111, 117, 124, 130, 136, 143]",a3585970020d6e48628e827df2f843a1ef144199024c2a5ca370a18db15a7fca,VEO3,compression,fresh_veo_02,1280
0.9999549388885498,fresh,0.9999243021011353,1.1920928955078125e-06,aegis,2.5537325410114136,24.0,,192,10.006237983703613,360,ai,0.14068196713924408,0.999945878982544,False,"[48, 54, 60, 67, 73, 79, 86, 92, 98, 105, 111, 117, 124, 130, 136, 143]",fab5b073e9b3e04aebf6ff973cadd69307286de1dee757f846dd06315e76587c,VEO3,resize,fresh_veo_02,640
0.9999682903289795,fresh,0.9999219179153442,1.4543533325195312e-05,aegis,2.8468427079787944,24.0,,192,10.35897445678711,576,ai,0.16225561499595642,0.9999548196792603,False,"[48, 54, 60, 67, 73, 79, 86, 92, 98, 105, 111, 117, 124, 130, 136, 143]",757cfedc9b0bf6e047dc0ced8e25d4c24c865c6c1608635ed41170357a9d586e,VEO3,crop,fresh_veo_02,1024
